"","V1","V2","V3","V4","V5","V6","V7","V8","V9","V10","V11","V12","V13","V14","V15"
"1",-3,-3,-3,-3,-3,-3,-3,-3,-3,-3,-3,-3,-3,-3,-3
"2",-3,-3,-3,-3,-3,-3,-3,-3,-3,-3,-3,-3,-3,-3,-3
"3",-3,-3,-3,-3,-3,-3,-3,-3,-3,-3,-3,-3,-3,-3,-3
"4",-3,-3,-3,-3,-3,-3,-3,-3,-3,-3,-3,-3,-3,-3,-3
"5",-3,-3,-3,-3,-3,3,-3,-3,-3,-3,-3,-3,-3,-3,-1
"6",-3,-3,-3,-3,-3,-3,-3,-3,-3,-3,-3,-3,-3,-3,-3
"7",-3,-3,-3,-3,-3,-3,-3,-3,-3,-3,-3,-3,-3,-3,-3
"8",-3,-3,-3,-3,-3,-3,-3,-3,-3,-3,-3,-3,-3,-3,-3
"9",-3,-3,-3,-3,-3,-3,-3,-3,-3,-3,-3,-3,-3,-3,-3
"10",-3,-3,-3,-3,-3,-3,-3,-3,-3,-3,-3,-3,-3,-3,-3
"11",-3,-3,-3,-3,-3,-3,-3,-3,-3,-3,-3,-3,-3,-3,-3
"12",-3,-3,-3,-3,-3,-3,-3,-3,-3,-3,-3,-3,-3,-3,-3
"13",-3,-3,-3,-3,-3,-3,-3,-3,-3,-3,-3,-3,-3,-3,-3
"14",0,2,2,0,-1,-1,-3,-1,1,-1,0,3,1,2,1
"15",-3,-3,-3,-3,-3,-3,-3,-3,-3,-3,-3,-3,-3,-3,-3
"16",-3,-3,-3,-3,-3,-3,-3,-3,-3,-3,-3,-3,-3,-3,-3
"17",-3,-3,-3,-3,-3,-3,-3,-3,-3,-3,-3,-3,-3,-3,-3
"18",-3,-3,-3,-3,-3,-2,-3,-3,-3,-3,-3,-3,-3,-3,-3
"19",-3,-3,-3,-3,-3,-3,-3,-3,-3,-3,-3,-3,-3,-3,-3
"20",-3,-3,-2,-3,-3,3,-3,-3,-3,-3,-3,-3,-3,-3,-3
"21",-3,-3,-3,-3,-3,-3,-3,-3,-3,-3,-3,-3,-3,-3,-3
"22",-3,-3,-3,-3,-3,-3,-3,-3,-3,-3,-3,-3,-3,-3,-3
"23",-3,-3,-3,-3,-3,0,-3,-3,-3,-3,-3,-3,-3,-3,-3
"24",-3,-3,-2,-3,-3,-2,-3,-3,-2,-3,-2,-3,-3,-3,-3
"25",-3,-3,-3,-3,-3,0,-3,-3,-3,-3,-3,-3,-3,-3,-3
"26",-3,-3,-3,-3,-3,-2,-3,-3,-3,-3,-3,-3,-3,-3,-3
"27",-3,-3,-3,-3,-3,-3,-3,-2,-3,-2,-3,-2,-2,-2,-2
"28",-3,-3,-3,-3,-3,-3,-3,-3,-3,-3,-3,-3,-3,-3,-3
"29",-1,-2,-1,-3,-3,-2,-3,-2,0,-2,-3,0,-3,-3,-2
"30",-3,-3,-3,-3,-3,3,-3,-3,-3,-3,-3,3,-3,-3,0
"31",-3,-3,-3,-3,-3,-1,-3,-3,-3,-3,-3,-3,-3,-3,-3
"32",-3,-3,-3,-3,-3,-1,-3,-3,-3,-3,-3,-3,-3,-3,-3
"33",2,-1,-1,3,-1,2,2,1,2,-1,1,3,-2,2,2
"34",-3,-3,-3,-3,-3,2,0,-2,-3,-3,-3,-3,-3,0,1
"35",-3,-3,-3,-3,-3,1,-3,-3,-3,-3,-3,-3,-3,-3,-3
"36",-3,-3,-3,-3,-3,1,-3,-3,-3,-3,-3,-3,-3,-3,-3
"37",-3,-3,-3,-3,-3,-3,-3,-3,-3,-3,-3,-3,-3,-3,-3
"38",-3,-3,-3,-3,-3,-3,-3,-3,-3,-3,-3,-3,-3,-3,-3
"39",-3,-3,-3,-3,-3,-2,-3,-3,-3,-3,-3,-3,-3,-3,-3
"40",-3,-3,-3,-3,-3,3,-3,-3,-3,-3,-3,-3,-3,-3,-3
"41",-3,-3,-3,-3,-3,3,-3,-2,-3,-3,-3,-3,-3,0,-1
"42",-3,-3,-2,-3,-3,3,-3,-2,-3,-3,-3,-3,-3,-2,-2
"43",-3,-3,-3,-3,-3,3,-3,-3,-3,-3,-3,-3,-3,-3,-3
"44",-3,-3,-3,-3,-3,3,-3,-3,-3,-3,-3,-3,-3,-3,-3
"45",-3,-3,-3,-3,-3,3,-3,-3,-3,-3,-3,-3,-3,-3,-3
"46",-3,-3,-3,-3,-3,3,-3,-3,-3,-3,-3,-3,-3,-3,-3
"47",-3,-3,-3,-3,-3,3,-3,-3,-3,-3,-3,-3,-3,-2,-2
"48",-3,-3,-3,-3,-3,3,-3,-3,-3,-3,-3,-3,-3,-3,-3
"49",-2,0,1,-1,0,1,0,0,1,-1,1,1,0,0,1
"50",-3,-3,-3,-3,-3,2,-3,-3,-1,-3,-3,-3,-3,-3,-3
"51",2,1,0,0,1,1,1,0,1,1,0,1,1,0,2
"52",-3,-3,-3,-3,-3,3,-3,-3,-3,-3,-3,-3,-3,-3,-3
"53",-3,-3,-3,-3,-3,3,-3,-2,-3,-3,-3,-2,-3,-3,0
"54",-3,-3,-3,-3,-3,3,-3,-3,-3,-3,-3,-3,-3,3,-3
"55",2,2,1,2,1,2,2,1,1,2,1,2,2,2,2
"56",-3,-3,-3,-3,-3,-1,-3,-3,-3,-3,-3,-3,-3,-3,-3
"57",-3,-3,-3,-3,-3,-3,-3,-3,-3,-3,-3,-3,-3,-3,-3
"58",-3,-3,-3,-3,-3,3,-3,-3,-3,-3,-3,-3,-2,-3,-3
"59",-3,-3,-3,-3,-3,3,-3,-3,-3,-3,-3,-3,-3,-3,-3
"60",-3,-3,-3,-3,-3,0,-3,-3,-3,-3,-3,-3,-3,-3,-3
"61",-2,-3,-1,-3,-3,3,-3,-3,0,-3,-2,-3,-3,-3,-3
"62",-3,-3,-2,-3,-3,-3,-3,-3,-3,-3,-3,-3,-3,-3,-3
"63",-3,-3,-3,-3,-3,3,-3,-3,-2,-3,-3,-3,-3,-3,-3
"64",2,1,0,1,-1,3,1,1,-1,1,-3,1,1,1,1
"65",-3,-3,-3,-3,-3,-3,-3,-3,-3,-3,-3,-3,-3,-3,-3
"66",-3,-3,-3,-3,-3,2,-3,-3,-3,-3,-3,-3,-3,-3,-3
"67",-3,-3,-3,-3,-3,3,-3,-3,-3,-3,-3,-3,-3,-3,-3
"68",-3,-3,-3,-3,-3,3,-3,3,-3,-3,-3,-3,-3,-3,-3
"69",-3,-3,-3,-3,-3,3,0,-3,-3,-3,-3,-3,-3,2,-2
"70",-3,-3,-3,-3,-3,3,-3,-3,-3,-3,-3,-3,-3,-3,-1
"71",-3,-3,-3,-3,-3,3,-3,-3,-3,-3,-3,-3,-3,-3,0
"72",-1,-2,0,-2,-1,2,-2,1,-1,-1,-2,-1,-2,2,1
"73",-3,-3,-3,-3,-3,3,-3,-3,-3,-3,-3,-3,-3,-3,-3
"74",-3,-3,-3,-3,-3,0,-3,-3,-3,-3,-3,-3,-3,-3,-3
"75",-3,-3,-3,-3,-3,3,-3,-3,-3,-3,-3,-3,-3,-3,-3
"76",-3,-3,-3,-3,-3,3,-3,-3,-3,-3,-3,-3,-3,-2,-3
"77",-3,-3,-3,-3,-3,2,-3,-3,-3,-3,-3,-3,0,-3,-3
"78",-3,-3,-3,-3,-3,3,-3,-3,-3,-3,-3,-3,-3,-3,-3
"79",-2,-1,1,1,0,3,1,0,2,1,-2,2,1,2,1
"80",-3,-3,-2,-3,-3,2,-3,-3,-1,-3,-3,-3,-3,-3,-3
"81",-3,-3,-3,-3,-2,3,-3,-3,-3,-3,-3,-3,-3,-2,-2
"82",-3,-3,-3,-3,-3,-1,-3,-3,-3,-3,-3,-3,-3,-3,-3
"83",-3,-3,-3,-3,-3,-3,-3,-3,-3,-3,-3,-3,-3,3,-1
"84",-3,-3,-3,-3,-3,3,-3,-2,-3,-3,-3,-3,-3,-3,-3
"85",-3,-3,-3,-3,-3,-3,-3,-3,-3,-3,-3,-3,-3,-3,-3
"86",2,-1,-2,-2,-2,-2,-2,-2,0,-1,-3,-2,-3,0,-2
"87",-1,-3,-3,-3,-3,-3,-3,-3,-3,-3,-3,-3,-3,-2,-3
"88",-1,-1,-3,-3,-3,-2,-1,-2,-2,-1,-3,-3,-3,-2,-2
"89",-2,-3,-1,-3,-3,-3,-3,-3,-3,-3,-3,-3,-3,-3,-3
"90",3,-2,1,0,-3,-3,-3,-3,-3,0,-3,-3,-2,-3,-3
"91",-3,-3,-3,-3,-3,-3,-3,-3,-3,-3,-3,-3,-3,-3,-3
"92",-1,-3,-3,-3,-3,-2,-2,1,-3,-3,-3,-3,-3,-3,1
"93",-3,-3,-2,-3,-3,-3,-3,-3,-3,-3,-3,-3,-3,-3,-3
"94",-3,-3,-3,-3,-3,-3,-3,-3,-3,-3,-3,-3,-3,-3,-3
"95",3,3,3,-3,-3,-3,-3,-3,-3,-2,3,-3,-3,-3,-3
"96",1,-1,-1,-3,-3,-2,-2,-1,-1,-3,-3,-1,-3,1,-2
"97",-3,-3,-3,-3,-3,0,-2,-3,1,-3,-3,-3,-3,0,-3
"98",-3,-2,-3,-3,-2,-1,-1,-2,-3,-2,-3,-3,-2,-3,-1
"99",-3,-3,-3,-3,-3,-3,-3,-3,0,-3,-3,-3,-3,-3,-3
"100",3,2,-2,1,-2,-2,-2,1,1,0,-1,-1,-1,-2,-1
"101",-2,-3,-3,-3,-3,-3,-3,-2,-3,-3,-3,-3,-3,-2,-2
"102",1,0,-2,-3,-3,-1,-3,-3,-3,-3,-3,-3,-3,-3,0
"103",-3,-3,-3,-3,-3,-3,-2,-3,-3,-3,-3,-3,-3,-3,-3
"104",3,0,0,1,-2,2,1,0,0,-1,-2,-1,-2,2,1
"105",-1,1,-1,0,2,1,0,1,1,1,0,-1,0,-2,2
"106",-1,1,-2,-2,-3,-3,0,0,0,-3,-3,-3,-3,1,-3
"107",0,0,0,0,-1,1,-1,0,-2,1,-2,2,0,0,0
"108",3,2,2,2,-3,-3,1,-2,2,-3,-3,-3,-3,2,1
"109",3,3,0,0,-1,-2,-2,3,-1,1,-2,-1,-3,2,-1
"110",1,-1,0,0,0,0,0,0,0,0,1,-1,0,-1,0
"111",3,3,3,3,3,-3,3,3,-1,3,-3,0,1,3,1
"112",0,-3,-3,-3,-2,-3,-3,1,-3,-3,-3,-1,-3,-1,-3
"113",1,-1,-1,-1,-1,-2,-1,-3,-3,-2,-3,-3,-3,0,-3
"114",3,2,2,2,2,-3,0,2,0,1,-1,1,-2,-2,-1
"115",1,0,1,0,-1,-3,-2,-2,-1,-2,-2,-2,-1,-2,-3
"116",3,3,1,3,2,-3,3,3,3,2,-1,-1,2,3,-1
"117",3,3,2,3,-3,-3,-3,-3,-3,-3,-3,-1,-3,-3,-3
"118",2,2,2,1,1,-3,2,2,1,-3,-3,1,-3,-2,2
"119",3,2,-1,1,-1,-3,1,2,0,2,-3,0,-2,0,-1
"120",0,-1,-1,0,-2,-2,-1,-1,1,-2,0,-1,0,-1,-2
"121",3,3,-3,1,-3,-3,3,-3,-3,-3,-3,-3,-3,-3,0
"122",-2,-1,-3,-3,-3,-3,-3,-3,-3,-3,-3,-3,-3,-3,-3
"123",3,1,-3,3,-2,-3,-3,-3,1,1,-2,-1,-2,0,-2
"124",3,0,3,1,0,-3,0,3,1,2,-3,0,1,2,0
"125",3,2,2,1,-1,-3,1,3,2,2,0,0,-1,0,0
"126",2,-1,-1,0,-3,-3,2,-3,-3,-1,-3,0,-3,-2,-3
"127",2,2,0,3,2,-1,2,-2,3,1,-1,2,2,1,-1
"128",3,3,3,3,-1,-3,2,3,3,-1,-2,3,1,1,-3
"129",1,2,2,2,1,1,-1,0,1,0,1,1,2,0,1
"130",3,-3,0,3,3,-3,3,3,3,3,-3,3,-3,3,3
"131",3,2,3,3,1,-2,1,1,1,2,2,1,0,2,-1
"132",3,-3,-3,2,-3,-3,2,3,3,-3,-3,-3,-3,-3,-3
"133",3,3,3,3,3,-3,2,1,2,1,2,2,2,2,2
"134",3,3,3,3,3,-3,3,3,3,3,3,3,-3,3,3
"135",3,1,1,2,0,-1,1,-1,1,0,-1,1,-1,0,0
"136",1,1,0,1,0,-2,-1,0,0,-2,-2,-1,-1,-1,-1
"137",3,3,1,-3,1,-3,1,-3,-1,-3,0,1,-3,-3,-3
"138",3,1,-2,-2,-3,-2,-1,0,3,-3,-2,0,-3,-2,-1
"139",3,3,3,3,3,0,-3,-3,3,-3,-3,3,-3,0,3
"140",-2,-2,-2,-2,-3,-3,-3,-1,-2,-3,-3,-2,-3,-3,-2
"141",3,3,-1,3,1,-3,-1,3,-2,-1,-1,1,1,-3,-3
"142",3,2,0,2,-1,-3,-2,2,1,-2,0,1,-2,-1,0
"143",3,1,0,2,1,-2,-2,-1,-3,-2,-3,-2,-2,0,-3
"144",3,3,3,3,2,-2,3,3,1,3,3,1,1,3,2
"145",3,3,2,3,2,0,3,1,2,-1,-2,1,1,0,2
"146",1,0,1,2,0,-2,2,-1,1,1,-1,-1,-1,1,-2
"147",3,3,3,3,3,-1,-1,0,3,3,3,3,3,0,-3
"148",3,3,3,3,2,-3,0,-2,-1,3,3,3,2,1,-3
"149",3,3,2,1,0,-3,-2,0,0,0,0,-1,1,0,0
"150",3,2,1,2,0,1,1,0,1,0,0,0,0,-2,0
"151",3,2,-1,3,-1,-3,-1,-2,1,-2,-3,0,0,-1,-2
"152",3,3,3,3,3,-3,3,3,3,3,3,3,3,3,3
"153",3,2,3,3,3,-1,1,3,0,1,3,2,3,2,1
"154",3,3,3,3,3,-2,-2,-2,3,-3,3,0,3,0,0
"155",3,2,1,2,1,-2,-3,-1,3,-1,0,1,0,1,-2
"156",3,3,2,2,-2,-3,0,-2,1,0,2,-2,0,-2,-1
"157",3,3,3,3,3,-3,3,3,3,0,3,3,1,0,-3
"158",3,3,3,3,3,-3,3,2,3,3,1,3,3,3,0
"159",3,3,3,3,3,-3,3,3,3,3,0,3,3,3,3
"160",3,3,3,3,3,2,3,2,3,3,1,3,3,3,2
"161",3,-3,-1,-3,-3,-3,-3,-3,-3,-3,-3,-3,2,-3,-3
"162",3,3,2,0,-1,-2,0,3,1,-2,-2,0,-1,1,-1
"163",3,3,3,3,2,-3,2,2,3,2,3,3,1,2,2
"164",3,3,2,3,2,-3,1,-3,2,2,3,1,-3,-3,-3
"165",3,0,1,3,-2,-3,2,1,2,-2,-2,1,-1,3,2
"166",3,3,3,3,2,-3,-3,3,3,3,-3,3,-3,-3,-3
"167",3,3,3,3,3,-3,3,3,3,3,3,3,3,3,3
"168",1,3,2,2,1,-3,3,-1,3,1,-3,3,3,-2,-2
"169",3,2,2,2,-3,-3,1,1,2,-3,-3,2,-3,-3,-3
"170",3,3,3,2,2,-3,2,3,2,2,1,2,1,1,1
"171",3,1,1,-1,0,-1,-2,0,1,0,2,2,2,0,1
"172",3,3,3,3,3,-3,0,-2,2,-1,3,3,-3,3,-2
"173",3,3,3,3,3,-2,3,3,3,3,3,3,3,3,2
"174",3,3,3,3,3,-3,0,0,3,3,0,3,0,0,0
"175",3,3,3,3,3,-3,0,3,3,3,3,3,0,0,0
"176",2,2,2,1,1,0,-2,-2,1,-2,-1,1,-1,0,-3
"177",3,3,3,2,2,-1,1,2,1,2,2,2,0,1,3
"178",2,1,1,-1,0,-1,-1,-2,-1,-1,-2,-1,-2,-2,-1
"179",2,3,2,-1,1,-3,1,-1,0,1,-3,2,-1,-1,-2
"180",3,3,1,3,0,-2,-1,3,-1,2,-1,2,-1,-3,-1
"181",-1,2,-1,0,2,-3,-1,1,-1,-3,-1,-1,-1,-1,-1
"182",2,0,1,-1,0,-2,-2,-1,0,-1,0,-1,-1,-2,-2
"183",3,3,-1,3,-1,-3,0,2,2,-2,-1,2,-3,2,-1
"184",3,3,-1,3,3,-3,3,-2,3,-1,-3,3,-2,0,-3
"185",3,3,1,2,1,-3,3,3,3,3,1,2,2,2,1
"186",3,3,1,1,-3,-3,-3,-1,-3,-2,-3,-1,-3,-2,-3
"187",3,3,3,3,2,-3,-2,3,3,3,2,0,-3,2,-3
"188",3,3,3,3,2,0,2,3,3,2,3,0,3,2,2
"189",3,3,3,3,2,-3,1,-3,3,3,2,2,2,2,1
"190",3,3,3,3,3,-2,1,3,1,0,3,3,3,1,1
"191",3,3,2,3,1,-3,0,2,0,-1,1,0,0,1,0
"192",3,3,2,2,2,2,0,1,2,2,2,2,1,0,1
"193",0,2,-1,0,0,0,1,1,2,-1,1,1,1,0,1
"194",3,3,3,3,3,-3,0,3,3,3,3,3,-1,3,0
"195",3,3,1,1,1,-3,0,2,1,2,0,0,1,1,1
"196",3,3,3,3,3,-3,0,3,3,2,3,3,3,3,0
"197",3,3,1,3,1,-3,2,0,3,0,-1,1,-3,3,1
"198",2,2,2,2,1,0,2,2,0,1,0,1,0,2,0
"199",2,-1,-2,0,-1,-3,-1,-3,-1,-2,-1,-2,-2,-3,0
"200",3,3,-1,1,1,-2,3,2,0,-2,0,1,1,0,2
"201",3,3,2,3,3,-1,-3,-3,3,3,2,-1,2,2,-3
"202",3,3,3,3,-3,-3,3,3,3,3,0,-2,-1,3,-3
"203",3,3,3,3,2,-3,1,3,2,1,2,1,-1,1,0
"204",3,3,3,3,3,-3,3,3,3,3,3,3,3,-3,-3
"205",2,2,3,1,0,-2,1,0,3,0,2,0,2,3,0
"206",3,3,3,3,3,-3,3,3,3,3,3,3,2,2,0
"207",3,3,3,2,2,-2,0,3,2,1,2,2,2,1,1
"208",3,3,3,3,2,-3,3,3,3,0,-2,-1,3,0,2
"209",3,3,3,3,2,-3,0,2,2,-2,3,3,2,-3,-3
"210",2,1,2,0,1,-1,2,2,1,2,1,2,1,1,-2
"211",3,3,2,3,2,-2,-3,3,-1,2,1,1,2,1,-3
"212",3,1,0,0,0,-3,-1,-1,0,0,1,0,0,1,-3
"213",2,2,2,1,-1,-3,-1,0,0,-1,2,0,0,-2,0
"214",3,3,3,3,3,-3,2,-3,3,-3,3,3,3,-3,2
"215",3,3,3,3,1,-3,-2,-1,1,-1,-1,2,1,-1,-2
"216",3,3,3,3,3,-3,3,3,3,3,3,3,3,3,3
"217",3,3,3,3,3,-2,1,2,3,3,3,3,3,1,1
"218",3,2,1,1,2,-3,0,-1,-3,1,2,0,1,-1,-1
"219",3,1,-1,0,3,-3,1,-1,2,-1,0,-1,-1,1,1
"220",3,2,3,2,1,-2,3,1,0,1,3,2,3,0,1
"221",3,3,3,2,3,-3,2,3,2,3,-1,0,3,3,-1
"222",3,3,2,3,0,-3,-2,-2,0,-2,0,2,-3,-2,-2
"223",3,3,3,3,2,-3,0,-1,3,3,3,2,2,1,-2
"224",3,2,2,2,2,-1,0,2,2,2,0,2,3,2,0
"225",3,3,3,3,3,-3,-1,1,-2,3,3,3,-2,-2,-3
"226",3,3,2,3,3,-2,2,3,2,1,2,3,2,2,0
"227",3,3,3,2,3,-3,-2,3,3,1,3,3,3,1,-1
"228",3,3,3,3,3,-2,2,3,3,3,3,3,2,2,-3
"229",2,3,2,3,2,2,1,3,3,3,2,2,2,1,1
"230",3,3,3,3,3,-2,1,2,2,3,3,3,2,3,1
"231",3,2,2,0,2,-3,0,-2,1,-1,0,-1,-2,-1,1
"232",1,2,2,1,0,-3,0,0,-1,1,-3,1,-2,1,-1
"233",3,3,2,2,1,-3,0,3,2,-1,-1,1,2,2,-1
"234",3,3,3,3,3,-2,3,3,3,3,3,3,3,3,3
"235",3,-1,2,2,1,-2,2,2,2,2,2,2,2,2,1
"236",3,3,3,3,3,-3,3,3,0,3,3,3,3,2,0
"237",3,3,3,1,3,0,-1,1,2,2,1,3,2,2,-1
"238",1,2,1,1,1,-1,1,1,1,2,1,1,1,-1,1
"239",3,3,3,3,3,-1,-1,-1,3,3,3,3,3,0,0
"240",3,3,3,3,3,-3,-2,-1,2,-1,2,1,2,-2,0
"241",3,3,3,3,3,-2,3,3,3,3,3,3,3,3,-1
"242",3,3,3,3,3,-1,2,2,3,2,3,3,3,2,2
"243",3,3,3,3,3,-1,2,3,3,3,3,3,2,3,2
"244",3,3,3,3,3,-3,3,3,3,3,3,3,-2,-3,3
"245",3,3,2,3,3,-3,0,2,3,0,3,0,1,-1,-2
"246",3,3,3,3,3,-1,3,3,3,3,3,2,2,3,1
"247",3,3,3,3,3,-3,1,3,3,2,3,3,3,0,2
"248",3,3,3,3,3,-3,3,3,3,3,-3,3,3,3,3
"249",3,2,3,2,3,-2,1,2,2,3,2,3,3,2,-2
"250",3,3,3,3,3,-3,0,3,1,0,3,0,3,-2,0
"251",3,3,1,3,1,-3,1,3,1,-1,1,1,1,1,3
"252",2,2,-2,1,1,-2,2,-2,1,0,0,0,1,0,-3
"253",3,3,3,3,2,-3,-1,3,-3,-2,-2,-1,3,-1,3
"254",3,3,3,3,2,-2,3,3,3,3,2,1,3,3,3
"255",3,3,3,3,3,-1,3,3,3,2,3,2,2,3,2
"256",3,3,3,1,0,-3,-3,3,1,3,3,0,3,-3,-3
"257",3,3,3,3,3,-2,3,3,3,3,3,2,3,3,-3
"258",2,2,2,1,2,0,1,2,2,2,1,2,2,2,2
"259",3,3,3,2,3,-2,2,2,3,2,2,3,3,2,0
"260",3,1,2,0,-1,-3,1,-2,-1,1,1,-2,1,2,0
"261",0,0,1,1,0,-1,1,1,0,1,0,2,-1,2,-1
"262",3,3,3,0,3,-3,0,1,1,1,3,1,0,2,2
"263",3,3,2,2,2,-3,1,3,1,1,2,0,2,2,1
"264",3,3,3,2,2,-2,1,3,1,0,2,1,2,-1,-1
"265",3,3,3,0,3,-2,2,2,3,3,0,3,2,3,0
"266",3,3,3,2,2,-3,1,-2,0,1,1,2,2,1,1
"267",3,3,1,2,1,-2,2,0,-1,1,-1,0,3,1,1
"268",3,1,3,1,-2,-3,1,-3,0,0,-2,0,1,1,-3
"269",3,3,2,2,1,0,2,3,2,1,1,2,2,0,2
"270",3,3,3,3,3,-3,0,-3,3,3,3,2,3,0,-3
"271",3,3,1,1,1,-2,1,2,1,3,1,-1,0,3,2
"272",3,3,3,3,3,0,3,2,3,3,2,3,2,2,0
"273",3,3,3,3,3,-2,2,3,3,2,3,3,1,2,2
"274",3,3,3,2,2,-1,2,2,2,2,2,0,0,2,2
"275",3,3,2,2,2,-3,3,2,2,1,-3,2,2,1,0
"276",3,3,2,2,2,3,2,2,3,3,3,3,2,3,3
"277",3,3,1,-2,1,-3,-3,0,2,-1,-2,1,2,-1,-2
"278",3,2,2,2,1,-1,1,1,0,-1,2,0,0,2,1
"279",-2,0,-1,0,-1,-2,0,-1,0,-1,0,0,-1,-1,-1
"280",3,3,3,2,3,1,3,3,2,3,2,3,2,3,3
"281",3,3,3,3,2,-3,1,2,2,1,2,2,2,-3,-3
"282",3,1,-1,1,1,-3,3,0,0,1,0,0,-2,1,1
"283",3,3,3,3,3,-3,0,0,3,3,3,3,3,3,-3
"284",3,3,3,2,3,-2,3,3,0,3,-1,1,2,2,3
"285",3,3,3,2,2,-2,1,2,2,2,1,1,1,1,-2
"286",3,3,3,3,2,-1,3,2,1,3,3,3,1,1,1
"287",3,3,3,3,3,-1,1,1,2,2,2,3,2,2,1
"288",3,3,3,1,3,-2,3,3,1,3,1,3,-1,3,3
"289",3,3,2,2,3,-3,0,1,0,1,1,1,1,1,1
"290",3,3,3,3,3,-2,1,1,3,1,3,2,3,1,1
"291",3,3,3,3,2,-3,2,3,2,3,3,2,-3,2,-3
"292",3,3,3,3,3,3,3,3,3,3,3,3,3,3,3
"293",3,3,3,3,3,2,3,2,-2,1,2,2,3,2,2
"294",3,3,3,3,1,-3,0,-2,3,-1,-3,-3,3,-3,-3
"295",3,3,3,3,1,0,-2,1,1,3,0,1,1,2,1
"296",3,2,2,0,0,-3,-2,-3,0,-1,0,1,2,-1,-3
"297",3,3,2,3,2,-1,1,2,2,2,1,1,2,2,1
"298",3,3,3,3,3,-2,3,3,3,3,3,3,3,3,3
"299",3,3,3,3,3,-3,1,2,3,2,-3,2,3,0,-1
"300",2,2,2,2,0,0,1,2,1,1,2,-1,0,0,0
"301",1,1,0,-3,2,0,2,1,2,1,0,1,0,0,3
"302",3,3,3,3,3,1,3,3,3,3,3,3,3,3,3
"303",3,3,3,3,3,1,2,1,2,2,2,3,3,1,1
"304",2,3,2,2,2,2,3,2,2,2,2,2,2,2,2
"305",3,3,3,3,3,1,3,3,3,3,3,3,3,3,3
"306",3,3,3,3,0,-3,1,3,0,0,-2,0,3,-2,1
"307",3,3,3,3,2,-3,2,0,3,1,1,1,1,-1,0
"308",3,3,2,2,1,1,0,1,2,1,1,2,2,1,1
"309",0,2,2,2,2,2,1,1,2,-1,0,2,2,1,3
"310",3,3,3,2,1,-3,1,3,-3,0,1,-3,2,-3,2
"311",3,3,1,1,0,-3,0,1,0,1,2,0,1,0,0
"312",3,3,3,2,2,-1,3,1,2,2,3,3,3,2,-1
"313",3,3,3,3,3,-1,3,3,3,3,3,3,3,3,3
"314",2,3,3,1,2,2,1,1,1,2,1,1,3,1,1
"315",3,2,2,1,3,-2,1,1,0,3,1,0,2,1,-1
"316",3,3,3,3,3,-3,1,1,3,3,1,3,3,1,1
"317",3,3,2,2,-2,-3,-3,1,-1,-3,0,-1,1,-3,-3
"318",3,3,3,3,2,-1,2,3,2,2,2,2,3,2,2
"319",3,3,3,3,3,-2,1,1,2,3,3,3,3,3,0
"320",3,3,1,1,3,1,1,0,1,1,1,1,2,0,0
"321",3,3,3,1,3,-3,0,1,1,-1,2,2,2,0,1
"322",3,3,3,3,3,-3,0,3,2,3,-1,3,3,0,0
"323",3,3,2,2,2,1,1,2,1,0,0,-1,-1,-1,1
"324",3,3,3,3,3,3,3,3,3,3,3,3,3,3,3
"325",3,3,3,3,2,-2,1,2,2,3,3,3,3,3,1
"326",3,3,3,2,2,-2,2,2,2,1,2,2,2,-2,1
"327",3,3,3,3,3,-2,1,0,3,-2,0,0,1,-2,-2
"328",3,3,3,1,3,1,0,0,-2,0,-1,1,1,2,-2
"329",3,3,3,3,2,-2,0,0,0,-1,2,-2,3,-2,-2
"330",3,3,3,3,1,1,2,3,3,1,3,1,1,1,1
"331",3,3,2,2,3,-3,2,2,3,1,1,3,3,1,1
"332",0,1,-3,-3,-3,-3,-3,-3,-3,-3,-3,-3,-3,-3,0
"333",-3,-3,-3,-3,-2,-3,-3,-3,-2,-3,-2,-2,-3,-3,-3
"334",3,3,3,3,-1,-3,-3,2,-3,-3,-3,2,-3,-3,-3
"335",-3,-1,-3,-3,-3,-3,-3,-3,-3,-2,-3,-3,-3,-3,-3
"336",1,0,-3,-3,-3,-3,-3,0,-2,-3,-1,-3,-3,-3,0
"337",3,3,0,0,0,-3,0,-3,1,-3,-3,-2,-3,-1,-3
"338",-3,-1,-3,-3,-3,-3,-3,-3,-2,-3,-3,-3,-3,-3,-3
"339",-2,-2,-3,-3,-3,-3,-3,-3,-3,-3,-3,-3,-3,-3,-3
"340",1,-3,-3,-3,-3,-3,-3,-1,-3,-3,0,-2,-3,-3,-3
"341",2,3,2,-2,-2,-3,2,-1,0,-3,1,-1,-3,-2,-2
"342",2,2,1,2,-1,-3,-3,2,2,-2,-3,3,-3,1,-3
"343",-3,-1,-1,0,-3,-3,-3,-3,1,-2,-1,-1,-3,-3,-3
"344",3,3,3,3,2,-3,0,3,3,2,2,3,-1,2,1
"345",-3,0,-3,-1,-3,-3,-3,-1,-1,-3,-3,-1,-3,-3,-2
"346",-2,-2,-2,-3,-2,-3,-3,-3,-2,-3,-3,-3,-3,-3,-3
"347",3,-3,-3,-3,-3,-3,-3,-3,-3,-3,-3,-3,-3,-3,-3
"348",-2,-2,-3,-3,-3,-3,-2,-2,-3,-3,-3,-3,-3,-3,-3
"349",-1,-3,-3,-3,-3,-3,-3,-3,-3,-3,-2,-3,-3,-3,-3
"350",3,3,3,3,-3,-3,-3,3,3,0,-3,3,-3,-3,-3
"351",2,1,1,1,2,2,2,1,3,1,2,1,1,1,3
"352",-3,-3,-3,-3,-3,-3,-3,-3,-3,-3,-3,-3,-3,-3,-3
"353",-3,-3,-3,-3,-3,-3,-3,-3,-3,-3,-3,-3,-3,-3,-3
"354",2,2,2,1,1,-1,-2,-1,0,1,2,0,1,-1,-1
"355",-1,1,-2,-3,-3,-3,-3,-3,-3,-3,-1,-3,-3,-3,-2
"356",-1,0,-3,-2,-3,-3,-3,-3,-3,-2,-1,-3,-3,-2,-3
"357",1,2,2,1,0,0,-1,0,0,1,1,-1,1,1,1
"358",-3,-3,-3,-3,-3,-3,-3,-3,-3,-3,-3,-3,-3,-3,-3
"359",0,2,-2,1,-3,-3,0,-2,-1,-3,-2,1,-3,-1,-3
"360",-3,1,-3,-3,-3,-3,-3,-3,-3,-3,-3,-3,-3,-3,-3
"361",-3,0,-3,-3,-3,-3,-3,-3,-3,-3,-3,-3,-3,-3,-3
"362",-1,-3,-3,-3,-3,-3,-3,-2,-2,-3,-3,-2,-3,-2,-3
"363",-2,2,-3,2,-3,-3,-3,-3,-3,-3,-3,-3,-3,-2,-3
"364",-2,3,2,1,0,-3,-3,1,-3,-3,1,-3,-3,-1,-3
"365",-3,-3,-3,-3,-3,-3,-3,-3,-3,-3,-3,-3,-3,-3,-3
"366",-2,-1,-2,-2,-2,-3,-2,-3,-1,-2,-1,-1,-2,-2,-2
"367",-3,-3,-3,-3,-3,-3,-3,-3,-3,-3,-3,-3,-3,-3,-3
"368",0,-1,-2,-1,-1,-3,-2,-2,-1,1,-1,1,-2,-2,0
"369",-2,-2,-3,-3,-3,-3,-2,-2,-3,-2,-3,-2,-3,-2,-2
"370",0,1,1,3,-2,1,3,2,1,2,-3,3,1,-1,3
"371",-3,-3,-3,-3,-3,-3,-3,-3,-3,-3,-3,-3,-3,-3,-3
"372",0,-3,-3,-3,-2,-3,-3,-3,-3,-3,-3,-3,-3,-3,-2
"373",3,3,3,2,2,-3,-2,3,2,3,3,1,-1,-3,-3
"374",3,3,3,2,-1,-3,2,-2,2,-3,3,3,3,-3,-2
"375",3,3,2,1,2,-1,0,3,2,2,2,2,1,2,-2
"376",1,2,2,1,3,-3,-2,3,3,1,2,-2,2,0,-2
"377",3,3,3,3,3,-3,-3,3,-1,-3,3,3,3,-3,-3
"378",3,3,3,2,1,-3,1,3,2,1,1,2,-3,-1,-2
"379",3,3,3,3,3,-3,2,-1,0,3,2,2,1,-3,-3
"380",3,3,3,1,3,-2,0,0,0,-2,3,0,1,-2,0
"381",3,3,2,-2,3,2,2,3,3,2,-1,2,0,-3,0
"382",3,3,3,3,3,-3,-3,3,3,2,3,3,-2,-1,-3
"383",3,3,2,1,0,-2,1,0,1,2,1,2,2,-1,0
"384",3,3,3,0,2,-3,-2,2,-1,-3,-3,2,-3,-3,-3
"385",3,3,3,3,3,-3,3,3,3,3,3,3,3,2,3
"386",0,0,0,0,0,-2,-1,0,0,0,0,0,0,-2,0
"387",3,3,3,2,0,-3,-1,-2,1,3,-1,0,3,-2,-2
"388",1,2,1,-1,1,-3,-1,-2,-2,-2,-3,-1,-2,-3,-1
"389",3,3,3,0,2,-2,-1,-1,2,1,1,2,1,0,0
"390",3,3,3,2,2,-2,-1,0,1,2,1,1,2,1,0
"391",3,3,3,3,2,-3,-2,1,2,1,2,0,2,-2,-2
"392",3,3,3,3,3,0,3,2,3,2,3,1,2,2,1
"393",3,3,3,3,3,3,3,3,3,3,3,3,3,3,3
"394",3,3,3,3,3,-2,3,3,3,3,3,3,3,3,0
"395",3,3,3,3,3,0,3,3,3,3,3,3,3,3,1
"396",3,3,3,3,3,-1,1,3,3,1,3,3,1,1,2
"397",3,-2,-2,2,2,1,0,2,2,1,2,1,-1,-1,1
"398",3,3,3,3,3,-1,0,2,3,1,3,3,2,0,1
"399",3,3,3,3,3,-3,1,0,2,0,3,3,2,0,0
"400",0,2,0,3,1,-3,-2,1,2,2,1,0,1,2,-3
"401",2,3,2,2,2,-2,0,1,2,1,2,2,1,2,1
"402",3,3,3,3,2,0,-1,1,1,1,2,1,1,3,-1
"403",3,3,3,3,3,-3,1,3,3,3,3,3,3,3,0
"404",2,2,2,2,2,0,2,2,2,2,2,1,2,1,0
"405",3,2,3,3,2,-1,0,0,2,0,2,-1,2,0,1
"406",3,3,3,3,3,-2,3,3,3,3,3,2,2,3,-1
"407",3,3,3,3,2,-1,1,-1,2,1,3,3,2,0,0
"408",2,2,1,2,1,0,0,1,1,1,-1,1,1,0,0
"409",2,0,-1,-1,1,0,2,1,0,1,3,1,2,3,2
"410",3,3,3,3,3,1,1,3,3,3,3,3,3,3,1
"411",3,3,2,3,3,-1,1,3,2,2,2,0,2,2,2
"412",3,3,3,3,3,3,3,3,3,3,3,3,3,3,3
"413",3,2,2,2,2,2,3,3,2,1,1,2,2,3,3
"414",3,3,3,3,3,3,3,3,3,3,3,3,3,3,3
"415",3,3,3,3,3,3,3,3,3,3,3,3,3,3,3
"416",2,3,2,2,2,3,2,3,3,3,2,2,3,2,2
"417",3,3,3,3,3,3,3,3,3,2,3,3,3,3,3
"418",2,2,2,2,1,0,2,2,1,3,2,2,2,2,0
"419",3,3,3,2,3,2,3,3,3,3,3,3,3,3,3
"420",3,3,3,3,3,3,3,3,3,3,3,3,3,3,3
"421",2,2,2,2,2,2,3,2,2,2,2,2,2,2,2
"422",3,3,3,3,3,3,2,3,3,3,3,3,3,3,3
"423",3,3,3,3,3,3,3,3,3,3,3,3,3,3,3
"424",3,3,3,3,3,0,3,3,3,3,3,3,3,3,3
"425",3,3,3,3,3,3,3,3,3,3,3,3,3,3,3
"426",2,2,2,1,3,3,3,2,1,3,2,1,1,2,3
"427",3,3,3,3,3,3,3,3,3,3,3,3,3,3,3
"428",3,3,3,3,3,3,3,3,3,3,3,3,3,3,3
"429",3,3,3,3,3,3,3,3,3,3,3,3,3,3,3
"430",1,1,1,1,1,1,1,1,1,1,1,1,1,1,1
"431",3,3,3,3,3,2,1,2,2,3,2,2,3,3,2
"432",3,3,2,2,3,2,0,3,3,2,2,2,1,2,3
