,condition,happy,depressed,fear,angry,calm,sounds,seeing,temperature,odors,depth,computations,thoughts,reasoning,remembering,beliefs,hungry,tired,pain,nauseated,safe,love,recognizing,communicating,guilt,disrespected,free_will,choices,self_restraint,intentions,goal,conscious,self_aware,desires,embarrassed,emo_recog,joy,morality,personality,pleasure,pride
1,bear,3,-3,3,3,3,3,3,3,3,3,-3,3,3,-3,3,3,3,3,-3,3,3,3,3,-3,-3,3,3,-3,3,-3,3,3,3,-3,3,3,3,3,3,3
2,adult,3,3,3,3,3,3,3,3,3,3,3,3,3,3,3,3,3,3,3,3,3,3,3,3,3,3,3,3,3,3,3,3,3,3,3,3,3,3,3,3
3,person in a persistant vegetative state,-3,-3,-3,-3,-3,-3,-3,-3,-3,-3,-3,-3,-3,-3,-3,-3,-3,-3,-3,-3,-3,-3,-3,-3,-3,-3,-3,-3,-3,-3,-3,-3,-3,-3,-3,-3,-3,-3,-3,-3
4,stapler,-3,-3,-3,-3,-3,-3,-3,-3,-3,-3,-3,-3,-3,-3,-3,-3,-3,-3,-3,-3,-3,-3,-3,-3,-3,-3,-3,-3,-3,-3,-3,-3,-3,-3,-3,-3,-3,-3,-3,-3
5,car,-3,-3,-3,-3,-3,-3,-3,-3,-3,-3,-2,-3,-3,-3,-3,-3,-3,-3,-3,-3,-3,-3,-3,-3,-3,-3,-3,-3,-3,-3,-3,-3,-3,-3,-3,-3,-3,-3,-3,-3
6,dog,2,2,2,3,2,2,2,2,2,-1,-1,2,2,2,-1,3,2,2,0,2,2,2,2,0,2,0,2,2,2,-1,2,0,2,2,2,2,2,2,2,2
7,beetle,0,-1,0,0,-1,-1,0,0,1,2,1,0,1,-1,1,-1,-1,1,0,1,1,1,-1,1,2,0,-2,-1,-2,-1,1,2,1,1,2,-1,1,0,2,0
8,chimpanzee,1,-2,1,1,0,3,3,2,2,1,-3,1,0,1,-2,3,1,3,2,0,-1,1,1,0,0,0,0,0,0,-1,1,0,1,-2,0,1,-1,0,0,0
9,robot,-3,-3,-3,-3,-3,3,0,3,3,2,3,-3,-1,0,-3,-3,-3,-3,-3,-2,-3,0,3,-3,-3,-3,1,-3,-3,3,-3,-3,-3,-3,-3,-3,1,-2,-3,-3
10,stapler,-3,-3,-3,-3,-3,-3,-3,-3,-3,-3,-3,-3,-3,-3,-3,-3,-3,-3,-3,-3,-3,-3,-3,-3,-3,-3,-3,-3,-3,-3,-3,-3,-3,-3,-3,-3,-3,-3,-3,-3
11,person in a persistant vegetative state,-3,-3,-3,-3,-3,-3,-3,-3,-3,-3,-3,-3,-3,-3,-3,-3,-3,-3,-3,-3,-3,-3,-3,-3,-3,-3,-3,-3,-3,-3,-3,-3,-3,-3,-3,-3,-3,-3,-3,-3
12,elephant,3,3,3,3,2,3,3,3,3,3,-2,3,-2,1,-2,3,3,3,3,3,2,3,2,-2,-3,1,3,-3,1,1,1,1,1,-2,1,3,-3,1,3,1
13,dolphin,1,0,1,1,0,3,2,1,0,2,-3,-3,-2,0,-3,3,3,1,-2,0,-2,-1,0,-3,-2,1,-2,-3,1,-3,-3,-3,0,-3,-3,-3,-3,1,-2,0
14,fetus,-3,-3,-3,-3,-3,3,-2,3,1,2,-3,-2,-3,0,-3,0,-3,1,-3,-3,1,1,-3,-3,-3,-3,-3,-3,-3,-3,-3,0,-3,-3,-3,-3,-3,-3,-3,-3
15,blue jay,1,1,3,1,1,3,3,3,3,3,-2,2,1,3,-2,3,3,3,3,1,1,3,3,-2,-2,3,3,1,3,3,3,2,3,-2,-1,2,-1,1,2,1
16,mouse,0,-2,2,2,2,3,3,3,3,3,-3,3,2,1,-1,3,1,3,1,3,0,0,0,-1,0,3,2,-1,2,2,3,1,3,-1,-1,1,-1,1,1,0
17,dog,-2,-2,3,-2,3,3,3,3,3,-3,-3,-3,-3,-2,-3,3,3,3,3,-2,-3,1,-2,-3,-2,-1,-3,-3,-2,-1,1,-3,3,-3,-2,-2,-3,-2,3,-3
18,computer,-3,-3,-3,-3,-3,1,2,-1,-3,-2,3,-2,-3,2,-3,-3,-3,-3,-3,-3,-3,1,2,-3,-3,-3,0,-3,0,0,-2,-1,-3,-3,-1,-3,-2,-1,-3,-3
19,beetle,-3,-3,-2,-3,-3,1,2,0,0,-3,-3,-3,-3,-3,-3,-1,-2,1,-3,0,-3,-3,1,-3,-3,0,-3,-3,1,0,0,-3,-3,-3,-3,-3,-3,-3,-3,-3
20,microbe,-3,-3,-3,-3,-3,-3,-3,-3,-3,-3,-3,-3,-3,-3,-3,-3,-3,-3,-3,-3,-3,-3,-2,-3,-3,-3,-3,-3,-3,-3,-3,-3,-3,-3,-3,-3,-3,-3,-3,-3
21,car,-3,-3,-3,-3,-3,-3,-3,-3,-3,-3,-3,-3,-3,-3,-3,-3,-3,-3,-3,-3,-3,-3,-3,-3,-3,-3,-3,-3,-3,-3,-3,-3,-3,-3,-3,-3,-3,-3,-3,-3
22,dolphin,3,1,2,2,2,3,3,2,2,2,0,2,1,1,1,3,2,3,1,2,2,2,3,0,1,2,2,1,0,2,3,2,1,0,0,2,0,3,1,1
23,goat,3,3,3,3,3,3,3,3,3,3,-3,3,2,3,-3,3,3,3,3,3,3,3,3,3,-3,3,3,2,-3,-3,3,-3,3,-3,-3,3,3,3,3,3
24,adult,2,1,2,2,2,2,2,2,2,2,2,2,2,2,2,3,2,2,1,2,2,3,3,2,1,3,2,2,3,2,3,3,1,2,2,2,1,3,2,2
25,dolphin,3,2,3,3,2,3,3,3,3,0,-3,0,0,3,-3,3,3,3,3,3,3,0,3,-3,2,0,3,-3,0,-3,-3,-3,3,-3,1,1,0,2,3,2
26,car,-3,-3,-3,-3,-3,3,3,3,-1,0,3,-3,-3,3,-3,-3,-2,-3,-3,-3,-3,0,0,-3,-3,-3,0,-3,-3,-3,-3,-3,-3,-3,-3,-3,-3,-3,-3,-3
27,chimpanzee,1,1,2,3,3,3,3,3,3,2,-1,-1,-1,1,-1,3,3,3,3,2,1,1,2,-1,-1,3,2,1,2,-1,1,-1,2,-2,1,1,1,1,2,-1
28,infant,2,-3,2,-1,1,3,3,3,3,0,-3,0,-3,-1,-3,3,3,3,3,2,0,1,-2,-3,-3,-2,-1,-3,-3,-3,3,-3,3,-3,-3,3,-3,1,2,-3
29,fetus,-3,-3,-3,-3,-2,-3,-3,-2,-3,0,-3,-2,-3,-2,-3,-3,-3,-3,-2,-2,-3,-3,-3,-3,-3,-3,-3,-3,-3,-3,-3,-3,-3,-3,-2,-3,-3,-3,-2,-3
30,elephant,0,-3,3,-3,2,3,3,3,3,3,-3,-3,-3,2,-3,3,3,3,3,2,0,1,1,-3,-3,2,2,-3,2,-3,3,-3,3,-3,-3,0,-2,-3,2,0
31,computer,-3,-3,-3,-3,-3,3,2,3,-1,-1,3,-2,-3,3,-3,-3,-2,-3,-3,-3,-3,-1,0,-3,-3,-3,-3,-3,-2,1,-2,-2,-3,-3,-3,-3,-2,0,-3,-3
32,infant,3,-3,2,3,3,3,3,1,0,-1,-3,0,-3,-3,-3,3,3,3,3,2,0,3,0,-3,-3,2,-3,-3,-3,-3,-2,-2,-3,-3,-2,2,-3,2,-1,-3
33,child,3,2,3,2,1,3,3,3,3,3,0,3,1,2,1,3,3,3,3,3,3,2,2,2,3,3,1,1,2,1,2,1,2,3,1,3,2,3,3,2
34,dolphin,1,-1,1,0,-1,3,3,1,3,2,-2,1,1,1,-2,3,1,3,1,1,0,2,2,-1,-1,1,1,0,3,2,2,2,3,-2,-1,1,-1,0,1,-1
35,bear,2,1,2,3,3,2,3,2,2,2,-2,2,-3,2,-3,3,3,2,2,2,-1,0,1,-3,-3,1,2,-1,2,2,2,-2,3,-3,0,2,-2,1,3,-2
36,fish,0,-3,1,1,0,3,3,3,3,2,-3,0,1,1,-3,3,3,0,-3,1,0,1,3,-3,-3,0,2,-3,2,1,3,0,2,-3,-1,-3,-3,1,0,-3
37,dog,3,2,3,2,3,3,3,2,3,2,-2,0,2,1,-1,3,2,3,2,2,3,2,1,3,2,2,2,3,2,2,3,0,1,-1,1,2,-2,2,3,0
38,child,3,3,3,3,3,3,3,3,3,3,3,3,2,3,3,3,3,3,3,3,3,3,2,3,3,3,2,0,3,1,3,3,3,2,1,3,1,3,3,3
39,frog,1,-3,3,-3,1,2,3,3,1,2,-3,1,-3,-3,-3,3,2,3,3,2,-3,0,1,-3,-3,1,-3,-3,-3,2,-3,-3,2,-3,-3,-3,-3,-3,2,-3
40,chimpanzee,3,3,3,3,3,3,3,3,3,-1,-1,3,2,3,0,3,3,3,3,3,3,3,3,3,3,3,3,2,3,2,3,3,3,2,2,3,2,3,3,0
41,stapler,-3,-3,-3,-3,-3,-3,-3,-3,-3,-3,-3,-3,-3,-3,-3,-3,-3,-3,-3,-3,-3,-3,-3,-3,-3,-3,-3,-3,-3,-3,-3,-3,-3,-3,-3,-3,-3,-3,-3,-3
42,mouse,-3,-3,1,-3,-1,2,-3,1,3,-2,-3,-3,-3,-3,-3,3,1,3,-3,-3,-3,-1,-3,-3,-3,-3,0,-3,-2,-3,-1,-3,-2,-3,-3,-3,-3,-3,-3,-3
43,person in a persistant vegetative state,1,0,1,1,0,2,0,1,2,1,-1,1,-1,0,0,2,2,2,2,0,1,1,-1,0,0,-2,-1,0,-1,-1,-1,-1,1,0,-1,0,1,1,1,-2
44,elephant,3,3,3,3,3,3,3,3,3,3,3,3,3,3,2,3,3,3,3,3,3,3,3,3,3,3,3,3,3,3,3,3,3,3,3,3,1,3,3,3
45,beetle,0,0,0,0,2,-1,0,0,1,0,1,-1,2,-2,1,0,0,0,-2,-2,1,-1,-1,0,-2,-1,-1,-1,0,2,0,0,1,-1,0,-1,-1,1,-1,0
46,goat,2,0,1,2,0,3,-2,2,-1,1,-2,-1,2,2,-2,2,3,2,2,3,0,3,2,-3,-1,1,1,-2,3,-1,0,0,0,-2,1,0,-2,2,0,1
47,fish,-1,-1,1,-1,0,3,3,3,0,1,-3,1,1,0,-2,3,2,2,0,2,-1,1,1,-2,2,1,1,0,0,1,3,0,2,-1,0,-2,0,1,-1,-1
48,goat,3,3,3,2,3,3,3,3,3,3,-3,2,2,2,-3,3,3,3,3,3,3,3,3,-1,-3,3,3,-1,2,0,3,0,3,0,-1,3,-3,3,3,-2
49,mouse,-3,3,3,-3,0,3,3,3,2,0,-3,3,3,3,-3,3,3,3,2,3,-3,-3,2,-3,-3,-2,2,2,2,3,3,-3,3,-3,-2,3,0,-2,2,-2
50,chimpanzee,1,1,1,3,1,2,3,2,3,0,2,3,2,3,3,2,3,3,1,1,1,2,2,-1,0,1,2,2,1,3,1,1,2,2,0,2,3,0,2,2
51,beetle,-3,-3,2,-3,-3,2,1,3,2,1,-3,-3,-3,-3,-3,3,2,2,-3,2,-3,-3,-3,-3,-3,1,1,-2,2,2,-2,1,-3,-3,-3,-3,-3,-3,-3,-3
52,robot,1,0,1,1,1,3,3,3,2,1,3,2,3,3,0,2,0,1,-3,-1,-1,2,2,-1,1,1,2,2,1,2,1,1,1,1,0,1,2,1,-1,-1
53,car,-3,-3,-3,-3,-3,-3,-3,0,-3,-3,-3,-3,-3,-3,-3,-3,-3,-3,-3,-3,-3,-3,-3,-3,-3,-3,-3,-3,-3,-3,-3,-3,-3,-3,-3,-3,-3,-3,-3,-3
54,frog,-2,-3,3,-1,1,3,3,3,1,2,-3,-2,-2,0,-3,3,1,0,-2,2,-3,-2,0,-3,-3,2,3,-1,3,3,1,2,-2,-3,-3,-2,-3,-2,-2,-3
55,bear,0,0,3,3,0,3,3,3,3,-1,-3,2,0,1,-3,3,3,3,3,1,3,3,3,-3,-3,0,3,-2,-2,1,3,0,0,-3,-2,3,-2,0,3,-3
56,robot,-3,-3,-3,-3,-3,3,0,0,-3,-3,-3,-3,-3,-3,-3,-3,-3,-3,-3,-3,-3,-1,0,-3,-3,-3,0,-3,-3,-3,-3,-3,-3,-3,-3,-3,-3,-3,-3,-3
57,blue jay,-1,-3,3,1,1,3,3,2,3,3,0,-3,-3,-1,-3,3,2,3,-2,2,1,1,3,-3,1,3,1,0,0,1,1,2,-1,-3,0,-1,-2,1,2,1
58,blue jay,-1,-2,2,-1,-1,1,2,2,-1,-1,-2,0,0,0,-2,1,1,0,-1,1,-1,0,1,-2,-2,2,-1,-1,1,1,-1,-2,1,-2,-1,-1,-2,-1,0,-2
59,fetus,3,-3,3,-3,2,-3,-3,1,-3,-3,-3,-3,-3,-3,-3,3,3,3,-3,-3,3,-3,-3,-3,-3,-3,-3,-3,-3,-3,2,-3,-3,-3,-3,-3,-3,-3,-1,-3
60,chimpanzee,0,-1,1,2,0,1,3,1,0,-1,-2,0,-1,1,-2,3,2,2,1,0,1,1,0,0,1,1,1,-2,1,-1,1,-1,3,-1,-1,1,0,0,3,1
61,stapler,-3,-3,-3,-3,-3,-3,-3,-3,-3,-3,-3,-3,-3,-3,-3,-3,-3,-3,-3,-3,-3,-3,-3,-3,-3,-3,-3,-3,-3,-3,-3,-3,-3,-3,-3,-3,-3,-3,-3,-3
62,dolphin,3,3,3,2,3,3,3,3,1,3,0,3,2,3,-2,3,3,3,2,3,2,3,3,2,0,3,3,3,2,2,2,0,3,2,3,3,3,3,3,2
63,adult,3,3,3,3,3,3,3,3,3,3,3,3,3,3,3,3,3,3,3,3,3,3,3,3,3,3,3,3,3,3,3,3,3,3,3,3,3,3,3,3
64,frog,-3,-3,3,-3,3,3,3,3,3,-3,-3,2,-3,-3,-3,3,3,3,-3,3,-3,-3,3,-3,-3,-3,-3,-3,-3,3,3,-3,3,-3,-3,-3,-3,-3,2,-3
65,bear,-1,1,3,1,1,3,3,3,3,1,-3,1,1,1,-1,3,1,3,1,1,-1,1,0,-1,-1,1,1,-1,1,-2,3,3,-1,-1,-1,1,-1,0,1,-1
66,goat,3,3,2,2,2,2,3,3,3,2,-2,1,-2,3,-1,3,3,3,2,2,1,1,2,-2,-3,0,2,-1,1,-1,3,1,1,1,-1,1,-1,2,2,0
67,car,-3,-3,-3,-3,-3,-3,-3,-3,-3,-3,-3,-3,-3,-3,-3,-3,-3,-3,-3,-3,-3,-3,-3,-3,-3,-3,-3,-3,-3,-3,-3,-3,-3,-3,-3,-3,-3,-3,-3,-3
68,fish,-3,-3,0,-3,0,-1,0,-3,-3,-3,-3,-1,-3,0,-3,2,-1,-1,-3,-3,-3,-3,-3,-3,-3,2,1,-3,-2,-3,-3,-3,-1,-3,-3,-3,-3,-3,-3,-3
69,elephant,2,3,3,3,2,3,3,3,3,3,2,2,2,3,0,3,3,3,2,-2,2,3,2,-2,0,3,2,1,2,2,2,2,1,0,2,2,-2,3,3,2
70,fetus,-1,-3,-3,-3,-3,-3,-3,0,-3,-3,-3,-3,-3,-3,-3,-3,-3,-1,-3,-3,-1,-3,-3,-3,-3,-3,-3,-3,-3,-3,-3,-3,-2,-2,-3,-3,-3,-3,-3,-3
71,dog,2,3,2,3,3,3,3,3,3,3,-3,3,-3,3,-3,3,3,3,3,3,0,3,1,1,-1,-2,2,1,1,2,3,-1,1,1,1,1,-3,2,3,-1
72,frog,3,3,3,3,3,3,3,3,3,3,-3,3,3,3,3,3,3,3,3,3,3,3,3,3,3,3,3,3,3,3,3,3,3,3,3,3,3,3,3,3
73,computer,-3,-3,-3,-3,-3,3,-3,-3,-3,-3,3,-3,-3,-3,-3,-3,-3,-3,-3,-3,-3,-3,-3,-3,-3,-3,-3,-3,-3,-3,-3,-3,-3,-3,-3,-3,-3,-3,-3,-3
74,mouse,2,0,3,3,0,3,2,2,2,-2,0,3,1,0,0,3,3,3,3,3,1,2,0,0,1,2,2,-1,2,0,3,2,2,1,1,2,0,2,2,0
75,fetus,-3,-3,-3,-3,-3,0,-2,0,-3,-3,-3,0,-3,-3,-3,1,-3,0,-1,-2,-3,-3,-3,-3,-3,-3,-3,-3,-3,-3,0,0,-3,-3,-3,-3,-3,-3,-3,-3
76,beetle,-3,-3,0,-3,-1,3,2,3,3,2,-2,3,-1,0,-3,3,0,3,-2,-1,-2,-1,3,-3,-3,-2,-1,-2,2,3,3,-1,1,-3,-1,-3,-3,-2,-1,-3
77,goat,2,-3,3,3,-1,3,3,1,3,-2,-3,0,0,2,-3,3,3,3,-2,3,1,2,3,-3,2,3,3,-2,0,0,3,2,0,-3,-2,3,-1,-1,2,1
78,infant,2,-2,1,1,2,2,3,2,2,0,-1,3,-2,1,-3,3,2,3,2,2,1,3,2,-3,0,0,-1,-3,2,1,3,-2,2,-3,-2,2,-3,2,2,-3
79,beetle,0,0,0,0,-1,0,1,1,-1,-1,0,-1,-1,-1,-1,1,0,-1,1,0,-1,-1,-1,0,0,0,0,-1,-1,0,0,0,0,-1,1,0,0,-1,0,-1
80,chimpanzee,3,3,3,3,3,3,3,1,3,0,-3,1,1,0,-1,3,3,3,1,3,1,1,2,1,0,1,3,1,1,3,1,1,3,1,-1,3,-1,1,3,3
81,car,-3,-3,-3,-3,-3,0,0,-3,-3,-3,0,-3,-3,0,-3,-3,-3,-3,-3,-3,-3,-3,0,-3,-3,-3,-3,-3,-3,-3,-3,-3,-3,-3,-3,-3,-3,-3,-3,-3
82,person in a persistant vegetative state,-3,-3,-3,-3,-3,-1,-3,-1,-2,-3,-3,1,-3,-3,-3,-1,-2,1,-1,-3,0,-3,-3,-3,-3,-3,-3,-3,-3,-3,-3,-2,-3,-3,-3,-3,-3,-3,-3,-3
83,fetus,-3,-3,0,-3,-2,2,-1,-1,-2,-3,-3,-3,-3,0,-3,3,0,3,-3,1,-3,-3,-3,-3,-3,0,-2,-3,-1,-3,-3,-3,-3,-3,-2,-2,-3,-2,0,-3
84,microbe,-3,-2,-2,-3,-2,2,-1,3,2,1,-2,-2,-2,-1,-2,2,-2,-1,-3,0,-3,0,2,-3,-3,-2,2,-1,0,0,-2,-2,-1,-3,-3,-3,-3,-2,-2,-3
85,infant,3,-2,1,2,-2,3,3,2,2,-2,-3,1,0,-2,0,1,2,2,2,3,3,2,1,0,0,-2,-1,-3,0,-2,3,-2,1,1,-2,3,-3,3,3,-1
86,dolphin,3,-1,3,1,3,3,3,3,1,3,-2,3,2,2,-1,3,3,3,3,3,0,1,1,-2,-2,2,3,1,2,2,3,2,2,-2,1,3,-1,1,3,-1
87,child,3,3,3,3,3,3,3,3,3,1,-2,3,2,3,1,3,3,3,3,3,3,3,3,2,0,3,3,1,3,1,3,0,3,3,1,3,1,3,3,3
88,elephant,2,1,3,3,-3,1,3,3,3,-2,-3,2,-3,2,-3,3,3,3,-3,3,1,2,0,-3,-3,0,0,-3,-3,2,-2,-3,-1,-3,0,1,-3,2,1,0
89,robot,-3,-3,-3,-3,-3,-3,-3,-3,-3,-3,2,-3,-3,-3,-3,-3,-3,-3,-3,-3,-3,-3,-3,-3,-3,-3,-3,-3,-3,-3,-3,-3,-3,-3,-3,-3,-3,-3,-3,-3
90,fetus,-3,-3,-3,-3,-3,-1,-3,-1,-3,-3,-3,-3,-3,-3,-3,-3,-3,-1,-3,-2,-3,-3,-3,-3,-3,-3,-3,-3,-3,-3,-3,-3,-3,-3,-3,-3,-3,-3,-3,-3
91,computer,-3,-3,-3,-3,-3,3,1,3,-3,3,3,-3,-3,3,-3,-3,-3,-3,-3,-3,-3,1,1,-3,-3,-3,-3,-3,-3,-3,-3,-3,-3,-3,-3,-3,-3,-2,-3,-3
92,dog,3,0,3,2,3,3,3,3,3,2,-2,-1,-2,1,-3,3,3,3,3,3,3,3,1,1,-1,2,2,-1,2,1,3,-3,3,0,-1,3,0,3,3,1
93,elephant,1,2,3,1,1,3,3,2,3,2,0,-1,-3,1,-3,3,3,3,0,1,0,3,3,-3,-2,-2,0,1,2,3,1,1,3,-3,-2,0,-3,2,1,-3
94,fish,-1,-1,3,2,2,2,3,2,1,2,-1,0,-2,0,-3,2,0,2,-1,3,2,-1,1,-1,-2,2,2,-2,1,0,-2,-1,1,-2,-1,1,0,0,2,1
95,fish,-3,-3,3,1,3,3,3,3,3,3,-3,-3,-3,-1,-3,3,3,3,-2,3,-3,-1,-2,-3,-3,2,3,-3,1,-3,3,-3,-1,-3,-3,0,-3,-2,-1,-3
96,mouse,1,-1,3,2,2,3,3,3,3,1,-3,1,3,3,-3,3,3,3,2,3,2,1,3,-3,-3,1,3,-3,2,2,-3,1,3,-3,-3,2,-3,2,2,-3
97,car,-3,-3,-3,-3,-3,1,1,1,-3,-3,-2,-3,-3,-3,-3,-3,-2,-3,-2,-2,-3,0,0,-3,-3,-3,-3,-2,-3,-3,-3,-3,-3,-3,-3,-3,-3,-3,-3,-3
98,dog,2,1,3,2,2,2,3,2,2,3,2,2,1,2,2,2,2,3,2,3,2,2,3,2,2,1,2,2,1,-2,3,1,3,0,2,3,2,2,2,2
99,beetle,-1,-1,3,1,0,3,3,-1,3,3,-3,0,-2,0,-3,3,3,3,-3,-1,-1,0,3,-3,-3,3,2,1,3,3,3,1,3,-1,-3,-1,-3,3,3,0
100,frog,1,-3,2,3,3,3,3,3,2,3,-3,-2,-2,-1,-3,1,2,3,-3,3,-2,-2,3,-3,-3,3,3,-2,-2,-3,-1,-2,1,-3,-3,0,-2,1,1,0
101,stapler,-3,-3,-3,-3,-3,-3,-3,-3,-3,-3,3,-3,-3,-1,-3,-3,-3,-3,-3,-3,-3,-3,-2,-3,-3,-3,-3,-3,-3,-2,-3,-1,-3,-3,-3,-3,-3,-3,-3,-3
102,frog,-3,-3,2,-3,2,3,3,3,3,-3,-3,2,-3,-3,-3,3,2,2,-3,2,-3,-3,3,-3,-3,1,2,-3,-3,2,1,-3,-3,-3,-3,-3,-3,-3,-3,-3
103,robot,-3,-3,-3,-3,-3,3,3,3,1,3,3,-3,-3,3,-3,-3,-3,-3,-3,-3,-3,3,0,-3,-3,-3,-3,-3,-3,0,-3,-3,-3,-3,-3,-3,-3,-3,-3,-3
104,bear,-1,-2,1,1,0,1,-2,3,2,-1,-2,-2,-1,1,-3,2,-2,2,0,1,-1,0,-1,-2,-2,2,-2,-1,0,0,-2,-3,0,-2,-2,0,-2,-1,1,-2
105,person in a persistant vegetative state,-3,-1,-2,-3,-3,0,-3,-1,-1,-3,-3,0,-3,-3,0,-1,-3,0,-1,-3,0,-3,-3,-3,-3,-3,-3,-3,-2,-3,-3,-3,-2,-3,-1,-3,0,-3,-3,-3
106,infant,3,-3,3,3,3,3,2,3,3,-3,-3,-2,-3,-2,-3,3,3,3,3,-1,0,0,-1,-3,-3,-3,-1,-3,-3,-3,3,-3,-3,-3,-3,3,-3,-1,3,-3
107,person in a persistant vegetative state,1,1,1,1,-1,2,1,2,2,1,0,2,-1,1,0,1,2,2,1,0,0,1,1,-1,-1,-1,1,0,1,-1,0,1,1,0,1,1,1,1,0,0
108,blue jay,3,1,3,3,3,3,3,3,3,3,-1,0,-1,2,-2,3,3,3,3,3,1,0,3,-3,-2,-1,0,-1,0,2,0,-3,3,-3,-2,1,-3,0,3,0
109,robot,-3,-3,-3,-3,-3,3,3,3,3,3,3,3,2,3,3,-3,-3,-3,-3,-3,-3,3,3,-3,-3,-3,3,3,-3,3,3,-3,-3,-3,-3,-3,3,-2,-3,-3
110,car,-3,-3,-3,-3,-3,-3,-3,-3,-3,-3,0,-3,-3,-3,-3,-3,-3,-3,-3,-3,-3,-3,-3,-3,-3,-3,-3,-3,-3,-3,-3,-3,-3,-3,-3,-3,-3,-3,-3,-3
111,child,3,3,3,3,3,2,3,1,2,2,0,3,2,3,2,3,3,3,3,3,3,3,1,3,2,3,3,2,3,2,3,1,3,3,2,3,3,3,3,3
112,child,3,0,3,1,3,3,3,3,3,0,-1,3,1,2,2,3,3,3,3,3,1,3,2,1,0,1,3,-1,1,1,3,2,1,1,1,3,1,3,3,1
113,dog,3,2,3,2,3,3,3,3,3,1,-2,1,0,2,1,3,3,3,3,2,2,3,0,0,-2,1,1,0,3,0,2,1,3,-1,-1,3,0,2,3,-2
114,frog,2,1,2,1,2,3,3,3,3,-2,-3,2,0,1,-3,3,3,3,1,2,0,2,2,0,-2,2,2,1,1,1,3,1,2,-1,-1,2,0,2,2,0
115,child,2,0,2,-1,1,3,3,3,3,2,1,3,-1,2,1,3,-2,-2,2,2,2,3,2,-1,-2,0,3,-2,-1,-1,2,1,1,-1,1,3,-1,1,2,-1
116,microbe,-3,-3,-3,-3,-3,-3,-3,-1,-3,-3,-3,-3,-3,-3,-3,-1,-3,-3,-3,-3,-3,-3,-3,-3,-3,-3,-2,-3,-2,-3,-3,-3,-3,-3,-3,-3,-3,-3,-3,-3
117,computer,-3,-3,-3,-3,-3,3,0,1,-3,0,3,-3,-3,3,-3,-3,-3,-3,-3,-3,-3,1,1,-3,-3,-3,2,0,-3,0,-3,-3,-3,-3,-3,-3,-3,-3,-3,-3
118,blue jay,-3,-3,3,2,3,3,3,3,2,3,-3,-2,0,0,-3,3,3,3,3,-1,-3,2,2,-3,-3,0,2,-3,1,-1,-2,-3,3,-3,-3,-3,-3,-1,2,-3
119,adult,3,3,3,3,3,3,3,3,3,3,3,3,3,3,3,3,3,3,3,3,3,3,3,3,3,3,3,3,3,3,3,3,3,3,3,3,3,3,3,3
120,beetle,-3,-3,-3,-3,-1,0,-1,-3,-3,-3,-3,-3,-3,-3,-3,0,-3,-3,-3,-3,-3,-3,-3,-3,-3,-3,-3,-3,-1,-3,1,-3,-3,-3,-3,-3,-3,-3,-2,-3
121,robot,-3,-3,-3,-3,-3,3,3,3,3,3,3,-3,2,3,-3,-3,-3,-3,-3,-3,-3,2,2,-3,-3,0,1,0,2,-3,-3,-2,-3,-3,-3,-3,-3,-2,-3,-3
122,chimpanzee,-2,-3,2,1,-1,3,3,1,0,-2,-3,-3,-3,0,-3,3,2,3,0,-1,-3,3,3,-3,-3,-3,-1,-3,-3,-3,1,-3,-3,-3,-3,-3,-3,1,-2,-3
123,fish,0,2,2,2,1,0,2,-1,1,0,1,0,0,1,0,1,2,2,1,1,0,1,1,1,0,-1,1,0,0,-1,0,1,0,-1,1,0,0,1,1,0
124,elephant,0,0,0,2,1,2,3,2,-1,-1,-3,0,-2,0,-3,3,2,2,0,0,-2,0,0,-3,-3,-2,-2,-3,-1,-3,-3,-3,-1,-3,-2,0,-3,-1,0,-2
125,fetus,-3,-3,-3,-3,-3,-3,-3,-2,-3,-3,-3,-3,-3,-3,-3,-2,-3,-2,-3,-3,-3,-3,-3,-3,-3,-3,-3,-3,-3,-3,-3,-3,-3,-3,-3,-3,-3,-3,-3,-3
126,stapler,-3,-3,-3,-3,-3,-3,-3,-3,-3,-3,-3,-3,-3,-3,-3,-3,-3,-3,-3,-3,-3,-3,-3,-3,-3,-3,-3,-3,-3,-3,-3,-3,-3,-3,-3,-3,-3,-3,-3,-3
127,goat,2,1,3,2,3,3,3,3,3,-2,-3,1,-2,3,-3,3,3,3,3,2,0,3,3,-3,-3,0,1,-3,-3,-2,2,-3,-2,-3,-3,2,-1,3,2,-3
128,dolphin,2,2,2,0,0,3,3,3,2,3,-1,2,0,2,-1,3,3,3,2,2,1,3,2,0,-2,2,2,-2,2,2,2,2,2,-2,-1,2,-1,2,2,2
129,bear,-2,-1,3,3,-1,3,3,3,3,1,-3,3,-1,2,-3,3,3,3,-2,-3,-1,3,1,-2,-3,-1,3,-2,-1,-3,3,3,-2,-3,-2,-1,-2,-1,2,-2
130,microbe,-3,-3,-3,-3,-3,-1,-2,0,-1,-2,-2,-2,-2,-1,-2,-1,-3,-1,-3,-2,-3,-3,-1,-3,-3,-1,-1,-2,-2,0,-2,-2,-1,-3,-3,-3,-3,-3,-3,-3
131,mouse,0,-1,3,3,3,3,3,3,3,3,-2,3,1,2,0,3,3,3,3,1,0,2,3,-3,-3,1,1,0,1,1,3,1,0,-1,1,1,-2,1,3,-3
132,adult,2,3,2,3,2,2,3,3,3,2,3,3,2,3,2,2,2,3,2,3,2,2,2,2,3,2,3,2,2,2,3,2,3,2,2,3,3,3,2,2
133,mouse,0,0,3,0,0,3,3,3,3,3,-3,0,0,1,-1,3,2,3,1,0,0,1,1,-2,-2,0,0,-2,1,0,2,0,-1,-3,-2,-1,-1,0,1,-1
134,infant,1,-3,2,-3,2,2,1,2,1,2,-3,0,-2,0,-3,3,3,3,1,2,2,1,1,-3,-2,1,-2,-3,-1,0,3,-2,1,-3,-2,2,-3,1,1,-2
135,chimpanzee,3,3,3,3,2,3,3,3,3,2,-1,3,1,3,0,3,3,3,2,2,2,3,3,0,0,2,2,-1,2,0,3,2,2,3,1,3,-1,3,2,2
136,infant,2,1,3,1,2,3,1,0,2,-2,-3,3,-3,-1,-3,3,3,3,2,0,-2,3,2,-3,-3,2,-2,-3,-3,-2,-1,-3,3,-2,-1,-1,-3,3,3,-3
137,goat,2,1,0,1,2,3,2,2,3,-1,-1,2,-1,1,0,2,2,1,1,1,1,-1,0,-1,-1,2,0,1,1,-1,2,-2,2,-1,-1,1,-1,1,1,2
138,person in a persistant vegetative state,-3,-3,-3,-3,-3,-3,-3,-3,-3,-3,-3,-3,-3,-3,-3,-3,-3,-3,-3,-3,-3,-3,-3,-3,-3,-3,-3,-3,-3,-3,-3,-3,-3,-3,-3,-3,-3,-3,-3,-3
139,dolphin,2,-2,2,2,2,3,3,2,1,1,-3,-1,-1,1,-1,3,2,3,-3,2,2,1,3,-2,-3,3,2,-2,1,2,2,0,1,-3,0,0,-2,1,2,-2
140,elephant,2,2,3,2,1,3,3,3,3,1,-1,1,1,3,0,3,2,3,1,2,2,2,3,0,0,1,3,0,2,2,2,1,2,-1,0,2,1,3,2,2
141,computer,-3,-3,-3,-3,-3,3,-2,-3,-3,-3,3,-3,1,1,-3,-3,-3,-3,-3,-3,-3,-2,-3,-3,-3,-3,-3,-3,-3,-3,-3,-3,-3,-3,-3,-3,-3,-3,-3,-3
142,fish,3,-3,3,-3,3,0,0,0,-3,0,-3,3,0,3,3,3,0,-3,-3,3,3,0,3,-3,-3,3,3,-3,3,3,3,3,3,-3,0,3,3,3,3,3
143,fetus,-2,-3,-3,-3,-2,-1,-3,-1,-3,-3,-3,-3,-3,-2,-3,1,-3,-3,0,-3,-3,-3,-3,-3,-3,-3,-3,-3,-3,-3,-1,-3,-3,-3,-3,-1,-3,-3,-3,-3
144,blue jay,0,-3,1,1,-1,3,3,2,-2,2,-3,0,-3,0,-3,3,2,3,0,0,-2,0,1,-3,-3,-2,0,-2,0,2,0,0,0,-3,-2,-1,-3,0,0,-2
145,robot,-3,-3,-3,-3,-3,3,0,3,-3,0,3,-3,0,3,-3,-3,-3,-3,-3,-3,-3,-2,3,-3,-3,-3,2,-2,-3,-3,-3,-1,-3,-3,3,-3,-2,0,-3,-3
146,dog,2,0,0,-2,-1,3,3,2,3,-2,-3,-1,-1,-2,-2,3,2,2,0,1,1,2,0,-2,-2,0,0,-1,-1,-1,-2,1,-1,-2,0,1,-1,1,2,-1
147,car,-3,-3,-3,-3,-3,-2,-3,-1,-3,-3,-2,-3,-3,-3,-3,-3,-3,-3,-3,-3,-3,-3,-3,-3,-3,-3,-3,-3,-3,-3,-3,-3,-3,-3,-3,-3,-3,-3,-3,-3
148,adult,3,3,3,3,3,3,3,3,3,3,3,3,3,3,3,3,3,3,3,3,3,3,3,3,3,3,3,3,3,3,3,3,2,2,3,3,3,0,3,3
149,stapler,-3,-3,-3,-3,-3,-3,-3,-3,-3,-3,-3,-3,-3,-3,-3,-3,-3,-3,-3,-3,-3,-3,-3,-3,-3,-3,-3,-3,-3,-3,-3,-3,-3,-3,-3,-3,-3,-3,-3,-3
150,bear,2,-2,3,3,1,3,3,2,3,3,-2,3,1,2,0,3,3,3,2,3,1,2,3,-2,2,3,3,1,3,3,3,3,3,-3,1,2,1,2,2,1
151,elephant,3,3,3,3,3,3,3,3,3,3,-2,2,3,3,0,3,3,3,3,3,-2,1,2,-1,1,3,1,1,3,3,3,3,3,-1,3,3,3,3,3,3
152,car,-3,-2,-3,-2,-2,-3,-1,-2,-3,-2,-3,-3,-3,-1,-2,-3,-3,-3,-3,-3,-3,-2,-3,-3,-3,-3,-3,-2,-2,-3,-2,-2,-2,-2,-3,-3,-2,-3,-3,-3
153,fish,0,-1,3,0,1,2,1,3,-3,2,-2,-2,-2,0,-3,3,3,2,2,1,0,0,2,-3,-2,1,0,-1,2,2,1,-1,2,-3,-2,-1,-2,-2,1,-1
154,chimpanzee,3,3,3,3,3,3,3,3,3,3,-2,0,0,3,-2,3,3,3,3,2,3,3,3,-1,3,1,2,1,3,3,1,0,3,-1,3,3,-1,3,3,0
155,dog,1,-2,1,-2,1,1,2,0,3,-2,-3,-2,-1,1,-2,1,2,2,-3,-1,2,1,1,-1,-2,0,0,1,1,0,0,-1,1,-2,-1,1,-1,0,0,-2
156,infant,1,0,1,1,0,3,3,3,3,2,-2,0,-2,0,-3,3,3,3,3,0,1,2,1,-3,-3,0,0,-2,-2,-2,0,0,-2,-3,-2,1,-3,-1,3,-3
157,beetle,-2,-2,-1,-3,-3,0,1,1,0,-1,-2,-2,-2,0,-3,1,-1,-1,-3,-3,-3,-2,-1,-3,-3,-1,0,-3,0,-1,-3,-3,-2,-3,-2,-2,-3,-1,-1,-3
158,dolphin,2,3,2,2,3,3,3,3,3,3,3,3,2,2,2,3,2,3,3,3,3,2,3,2,2,2,3,2,3,2,2,3,3,2,3,2,2,3,2,3
159,person in a persistant vegetative state,-2,2,1,-3,1,1,-3,0,0,-3,-3,1,-2,1,1,0,-2,2,-2,-1,-3,-1,-3,-3,-3,0,-3,-3,-1,-2,-2,-3,-3,-3,-3,-1,-2,2,-3,-1
160,microbe,-3,-3,-3,-3,-3,-3,-3,0,-3,-3,-3,-3,-3,-3,-3,-2,-1,-3,-3,-3,-3,-3,-3,-3,-3,-3,-3,-3,-3,0,-3,-3,-3,-3,-3,-3,-3,-3,-3,-3
161,robot,-3,-3,-3,-3,-3,3,2,2,1,2,3,-3,-3,2,-3,-3,-3,-3,-3,-3,-3,1,0,-3,-3,-3,0,-3,-3,-3,-3,0,-3,-3,-3,-3,-3,-3,-3,-3
162,person in a persistant vegetative state,-3,-3,-3,-3,-3,-3,-3,-3,-3,-3,-3,-3,-3,-3,-3,-3,-3,1,-3,-3,-3,-3,-3,-3,-3,-3,-3,-3,-3,-3,-3,-3,-3,-3,-3,-3,-3,-3,-3,-3
163,fetus,-2,-2,-2,-3,-1,0,-2,1,-3,-3,-3,-2,-3,-3,-3,2,2,3,1,0,-3,-3,-3,-3,-3,2,-2,-3,-2,-3,-1,-2,-3,-3,-3,-2,-3,-3,-2,-3
164,computer,-3,-3,-3,-3,-3,3,0,0,-3,0,3,-3,0,3,-3,-3,-3,-3,-3,-3,-3,0,2,-3,-3,-3,0,-3,-2,0,-3,-2,-3,-3,-2,-3,-3,-3,-3,-3
165,child,3,1,3,2,3,3,3,2,2,2,-1,1,-1,2,-1,3,3,3,3,3,-2,3,2,3,0,0,1,-1,0,-1,2,1,1,2,1,3,-1,2,3,1
166,computer,-3,-3,-3,-3,-3,3,0,3,3,-3,3,-3,-3,0,-3,-3,-3,-3,-3,-3,-3,0,1,-3,-3,-3,0,-3,-3,0,-3,-3,-3,-3,-1,-3,-3,-3,-3,-3
167,car,-3,-3,-3,-3,-3,-3,-3,3,-3,-3,-3,-3,-3,-3,-3,-3,-3,-3,-3,-3,-3,-3,-3,-3,-3,-3,-3,-3,-3,-3,-3,-3,-3,-3,-3,-3,-3,-3,-3,-3
168,goat,2,-2,3,2,1,3,3,3,3,1,-2,-2,-1,-2,-3,3,2,3,1,-1,-2,2,1,-2,-2,-3,2,-2,1,1,3,-3,2,-2,-2,-2,-3,0,2,-1
169,microbe,-3,-3,0,-2,-3,-1,0,1,0,-3,-3,-3,-3,-2,-3,3,1,-2,-3,-3,-3,-3,0,-3,-3,-3,-2,-3,-3,-2,-3,-3,0,-3,-3,-3,-3,-3,-3,-3
170,computer,-1,0,-1,0,1,0,-1,3,-2,1,1,0,0,0,0,-2,1,0,1,1,0,0,-1,-2,0,0,0,0,0,0,0,1,-1,-2,0,-1,0,1,0,-1
171,blue jay,0,1,2,0,0,2,0,2,0,0,1,1,0,2,-1,3,1,2,0,1,-2,1,2,-1,-1,1,2,-1,-2,1,0,0,0,-2,-1,0,0,1,0,0
172,dog,1,1,2,2,1,3,3,3,3,0,-3,0,-2,1,-3,3,2,3,-1,2,3,3,0,0,1,0,3,1,2,-2,3,-1,-1,0,2,3,2,1,1,-1
173,frog,0,-2,-1,2,2,3,0,1,1,2,-1,1,1,0,0,3,1,1,2,1,0,1,0,-1,-1,-2,2,0,0,0,0,1,0,-1,-1,1,2,0,0,-1
174,elephant,3,3,3,3,2,3,3,2,2,1,-3,2,-2,3,-3,3,3,3,-3,3,2,2,3,1,1,1,-3,-2,0,1,2,-1,2,-1,1,1,-3,2,3,0
175,mouse,2,2,2,1,2,2,1,2,2,0,2,0,1,2,-1,3,2,3,2,2,1,2,2,-1,0,0,2,2,0,3,1,1,2,-1,-1,1,-1,2,2,0
176,mouse,-1,1,0,1,1,0,1,1,0,2,0,0,0,0,0,0,-1,2,1,2,1,0,0,0,1,1,0,2,0,0,1,1,-1,0,1,1,1,1,0,1
177,fetus,2,-3,2,-3,3,3,-1,2,-3,-2,-3,-1,-3,-2,-3,2,1,2,-3,2,3,2,2,-3,-3,-3,3,-3,1,1,2,-3,-2,-3,-3,2,-3,-3,-1,-3
178,infant,3,-3,-2,0,2,2,3,-3,0,-1,2,2,-2,-2,-3,3,2,3,-1,3,3,3,-1,-3,-3,2,-3,-3,-3,-3,3,0,2,-3,-3,3,-3,3,3,2
179,frog,-2,-3,3,-3,3,3,3,3,3,3,-3,0,-2,2,-3,3,3,3,3,2,-3,2,1,-3,-3,0,3,-3,3,-3,-2,-2,-1,-3,-2,-2,-3,1,3,-3
180,goat,0,0,0,0,0,2,1,1,1,-3,-3,-1,-2,0,-3,3,0,1,1,0,-1,1,-1,-3,-3,-1,-1,-3,1,-2,-1,-3,0,-3,-3,1,-2,-2,0,-3
181,beetle,-1,-2,2,-2,1,3,2,2,2,1,-3,1,-3,-1,-2,3,2,2,-1,0,-2,-2,1,-2,-2,0,-1,-2,-2,0,2,-1,1,-3,-2,-1,-2,-1,2,-2
182,blue jay,-3,-2,3,0,0,3,3,0,-1,1,-3,1,-3,-1,-3,3,-1,2,-3,1,-1,-2,1,-2,-3,-1,0,-3,-1,2,-2,-2,-2,-3,-3,-3,-3,-3,-1,-3
183,chimpanzee,1,1,1,2,1,2,2,2,2,1,1,2,0,2,-1,3,1,3,1,1,1,2,2,1,-1,1,3,0,0,-1,0,0,1,1,0,1,1,3,3,0
184,stapler,-3,-3,-3,-3,-3,-3,-3,-3,-3,-3,-3,-3,-3,-3,-3,-3,-3,-3,-3,-3,-3,-3,-3,-3,-3,-3,-3,-3,-3,-3,-3,-3,-3,-3,-3,-3,-3,-3,-3,-3
185,dog,3,3,3,3,3,3,3,3,3,3,-2,3,3,3,0,3,3,3,3,3,3,3,3,3,3,3,3,3,3,2,3,3,3,3,3,3,3,3,3,3
186,car,-3,-3,-3,-3,0,0,-3,-3,-2,-3,-2,-2,-2,-2,1,-1,-1,-2,-3,0,-3,-3,-1,-2,-2,-3,-2,-2,-3,-3,-2,-2,-2,-3,-1,-3,-3,-1,-3,-3
187,person in a persistant vegetative state,-3,-3,-3,-3,-3,1,-3,1,1,-3,-3,-1,-3,-1,-3,-3,-3,0,-3,-3,-3,-2,-3,-3,-3,-3,-3,-3,-3,-3,-3,-3,-3,-3,-1,-3,-3,-2,-3,-3
188,infant,3,-3,3,-2,3,3,3,3,3,1,-3,-1,-3,-3,-3,3,3,3,3,3,3,-1,-1,-3,-3,-3,-3,-3,-1,-3,3,-3,2,-3,-3,3,-3,0,3,-3
189,fish,-3,-3,2,-3,-3,3,-3,3,-3,3,-3,-3,-3,-3,-3,3,-3,-3,-3,3,-3,-3,-3,-3,-3,2,-3,-3,-3,-3,3,-3,-3,-3,-3,-3,-3,-3,-3,-3
190,infant,2,0,1,2,2,0,-1,0,3,0,-2,1,-2,2,-2,3,2,3,1,1,2,-1,-1,-1,-2,1,1,0,-1,-1,0,0,2,-1,0,2,-1,1,0,0
191,mouse,0,3,3,-1,3,3,3,2,1,0,-3,0,1,1,0,3,3,3,3,3,0,3,2,0,2,0,3,2,3,0,3,0,3,-2,0,3,0,1,3,1
192,computer,-3,-3,-3,-3,-3,-1,-3,-1,-3,-3,2,-3,-3,-1,-3,-3,-3,-3,-3,-1,-3,2,-1,-3,-3,-3,-3,-3,-3,-3,-3,-3,-3,-3,-3,-3,-3,-3,-3,-3
193,bear,2,2,3,2,2,3,3,3,3,3,-1,1,-1,2,-1,3,3,3,3,3,1,2,2,-3,2,3,3,1,3,3,3,2,2,-2,0,2,-1,3,3,1
194,chimpanzee,1,-1,1,2,2,2,3,3,2,3,-3,3,1,1,-1,3,3,3,2,1,0,2,2,-1,-2,0,1,0,0,0,1,1,-1,-1,0,2,1,3,3,0
195,dog,3,2,2,2,2,-1,-1,-2,1,-1,-2,2,3,1,2,3,2,-1,2,2,1,-1,2,-1,0,2,-1,2,2,1,2,1,2,-1,1,2,2,2,1,2
196,elephant,1,-1,2,0,-1,2,2,1,2,0,0,2,0,1,-1,2,2,2,2,1,1,1,1,0,0,1,2,0,0,1,2,0,1,-1,0,2,1,0,0,0
197,child,3,-3,3,2,3,2,1,-1,1,-2,-3,3,-1,1,-1,3,3,3,3,2,1,1,1,-2,1,1,-1,-1,0,1,0,0,0,1,0,3,1,3,3,1
198,beetle,-2,-2,0,-1,-2,1,-1,0,0,0,-3,-2,-2,-1,-3,1,1,0,-2,-1,-3,-2,0,-3,-2,-2,-1,-2,-2,-1,-2,-3,-2,-2,-3,-2,-3,-2,-1,-2
199,adult,2,2,2,2,2,-1,0,1,-2,1,0,2,1,2,2,2,2,2,2,1,2,2,2,2,1,2,2,0,2,2,2,0,3,2,1,2,-1,2,1,2
200,child,2,-1,3,1,0,0,2,1,-1,-1,-3,0,-2,-1,-2,0,0,2,1,2,0,1,-1,-2,-2,-2,-1,-1,2,-2,1,-3,2,-1,0,2,-2,-1,1,-1
201,goat,0,0,1,0,0,2,3,2,1,0,-3,-1,-2,-1,-3,2,2,2,2,0,-1,0,-1,-3,-3,-1,0,-3,-2,-3,0,0,-1,-3,-1,0,-3,-2,-1,-2
202,blue jay,3,3,3,3,3,3,3,3,3,3,-3,3,3,3,0,3,3,3,3,3,3,3,3,0,-3,3,3,0,3,3,3,3,3,-3,3,3,3,3,3,3
203,dolphin,2,0,-2,2,1,3,3,-2,-1,-1,-3,-2,-2,0,-1,3,1,3,-2,2,2,2,3,-1,-2,-3,-3,-2,-1,1,0,-2,-1,-1,1,2,-2,-1,1,-2
204,frog,1,2,3,3,3,3,3,3,3,3,-2,0,-1,3,-2,3,3,3,3,3,1,3,3,-2,-1,3,3,1,3,-2,3,2,3,-1,-1,2,-2,0,3,-1
205,frog,1,-1,3,0,3,3,3,3,3,0,-3,-1,0,0,-3,3,3,3,0,3,-1,2,0,-3,-3,0,3,-2,0,0,0,0,3,-3,0,3,0,0,3,-3
206,elephant,1,-2,-3,0,1,1,1,1,-2,1,0,1,1,2,1,1,0,1,0,2,3,1,-3,1,-1,2,1,1,0,3,1,3,1,0,0,1,1,2,2,0
207,robot,0,-2,-2,-2,-1,2,2,2,1,2,2,2,2,2,1,-1,0,-2,-2,-1,-1,2,2,0,-2,-2,2,2,2,2,1,1,-1,-2,1,-2,2,2,-1,-1
208,stapler,-3,-3,-3,-3,-3,-3,-3,-3,-3,-3,-3,-3,-3,-3,-3,-3,-3,-3,-3,-3,-3,-3,-3,-3,-3,-3,-3,-3,-3,-3,-3,-3,-3,-3,-3,-3,-3,-3,-3,-3
209,computer,2,0,0,1,1,1,2,0,0,0,1,0,1,1,1,2,0,1,0,1,1,1,0,1,1,1,-1,1,0,1,0,2,1,2,0,0,0,1,1,0
210,car,-3,-3,-3,-3,3,-3,2,3,-3,-3,3,-3,-3,-3,-3,-3,-3,-3,-3,-3,-3,-3,0,-3,-3,-3,-3,-3,-3,-3,-3,0,-3,-3,-3,-3,0,-3,-3,-3
211,person in a persistant vegetative state,-3,-3,-3,-3,-2,-1,-3,0,-1,-3,-3,-3,-3,-3,-2,-1,-3,-3,-3,-2,-3,-2,-3,-3,-3,-3,-3,-3,-2,-3,-2,-3,-3,-3,-3,-3,-3,-2,-3,-3
212,goat,3,2,3,3,3,3,3,3,3,-3,-3,3,-3,2,-3,3,3,3,3,3,3,3,3,-3,-3,2,2,-3,-3,-3,-3,2,-3,-3,2,3,-3,3,3,2
213,fetus,-1,-3,0,-3,-1,-1,-3,-3,-3,-3,-3,-2,-3,0,-3,-3,-1,-1,-1,1,-2,-1,-2,-3,-3,-3,-3,-3,-3,-3,-3,-3,-2,-3,-3,-1,-3,-2,-3,-3
214,bear,0,-3,1,3,0,3,3,2,3,-3,-3,-3,-3,2,-3,3,3,3,3,1,-1,2,2,-3,-3,-3,0,-3,-3,-3,3,-3,3,-3,-3,0,-3,2,0,-3
215,chimpanzee,3,-3,3,3,3,3,3,2,3,3,-3,3,1,3,-3,3,3,3,-1,2,3,3,3,0,-3,0,2,-1,0,3,3,0,3,-3,-2,3,-3,3,3,-3
216,fish,1,-1,3,2,2,3,3,3,2,1,-3,3,1,0,-3,3,3,3,2,2,1,-2,0,-2,-3,2,-1,-2,2,-2,1,2,1,-3,-1,3,-3,1,3,1
217,beetle,-1,-1,3,2,-1,3,0,3,3,3,-3,3,1,2,-2,3,1,3,-1,3,-1,-2,3,-3,-3,3,2,-3,3,3,3,-1,2,-3,-1,0,-3,1,2,-3
218,infant,1,-3,0,-3,2,2,3,2,0,-3,-3,2,-3,-2,-3,3,3,3,-3,-1,0,1,0,-3,-3,-2,-3,-3,-3,-3,2,-3,-3,-3,-3,-2,-3,-1,2,-3
219,adult,3,3,2,3,3,2,3,2,3,3,2,3,2,2,3,3,3,3,3,3,2,2,2,2,3,3,2,2,3,2,3,3,3,3,1,2,2,3,3,3
220,elephant,3,3,3,3,3,3,3,3,3,2,1,3,3,3,0,3,3,3,3,3,2,3,3,2,3,3,3,3,3,3,3,3,3,2,3,3,3,2,3,3
221,goat,1,1,3,1,2,3,2,3,3,-1,-3,-1,-2,-1,-3,3,3,3,-1,1,0,2,3,-2,-2,-2,-2,-2,-1,-3,-1,-2,-1,-1,1,1,-1,3,1,1
222,car,-3,-3,-3,-3,-3,-2,-3,0,-3,-3,-1,-3,-3,-2,-3,-3,-3,-3,-3,-3,-3,-3,-2,-3,-3,-3,-3,-3,-3,-2,-3,-3,-3,-3,-3,-3,-3,-3,-3,-3
223,infant,3,-3,3,3,3,3,3,3,2,-3,-3,2,-3,0,-3,3,3,3,3,3,3,3,2,-3,-3,3,3,-3,2,-3,3,3,3,-3,-1,3,-3,3,3,0
224,chimpanzee,1,2,2,-1,-1,0,0,0,2,-2,1,0,-3,-1,1,3,2,3,0,1,0,1,-1,0,-2,1,1,-2,-1,-3,2,1,0,2,-3,2,-1,2,2,1
225,mouse,1,-1,1,1,0,3,3,3,2,0,-3,0,1,1,-1,3,1,3,0,1,-1,1,1,0,0,0,2,0,1,1,2,1,2,-1,0,1,-1,0,1,-1
226,fish,3,-3,3,-3,3,3,3,3,3,3,-3,0,-3,3,-3,3,3,3,3,3,3,-3,3,-3,-3,3,3,-3,3,-3,3,3,3,-3,3,-3,-3,3,3,3
227,microbe,-3,-3,-3,-3,-3,-3,-3,-3,-3,-3,-3,-3,-3,-3,-3,-3,-3,-3,-3,-3,-3,-3,-3,-3,-3,-3,-3,-3,-3,-3,-3,-3,-3,-3,-3,-3,-3,-3,-3,-3
228,blue jay,2,0,3,3,2,3,1,2,1,2,-1,-2,-1,0,-1,3,3,2,3,0,3,1,2,-2,-1,1,-1,0,2,1,3,1,1,-1,-2,-1,-2,1,3,-1
229,robot,-3,-3,-3,-3,-3,2,2,2,-3,3,3,-3,-1,2,-3,-3,-3,-3,-3,-3,-3,1,1,-3,-3,-3,2,-3,-3,0,-3,-3,-3,-3,-3,-3,-3,-3,-3,-3
230,bear,1,-1,3,3,2,3,3,3,3,3,-2,3,3,3,-2,3,3,3,3,3,0,2,3,-3,-2,3,3,0,3,3,3,-3,3,-3,-1,3,-3,3,3,-3
231,adult,3,3,3,3,3,3,3,3,3,3,3,3,3,3,3,3,3,3,3,3,3,3,3,3,3,3,3,3,3,3,3,3,3,3,3,3,3,3,3,3
232,beetle,-3,-3,3,-3,-1,3,3,3,3,0,-3,-3,-3,-3,-3,3,2,3,-3,-3,-3,-3,-3,-3,-3,-3,-3,-3,-3,-3,-3,-3,-3,-3,-3,-3,-3,-3,-3,-3
233,dolphin,1,0,2,0,0,2,2,2,0,2,-1,1,0,0,-2,3,2,2,2,0,1,1,1,-2,-2,1,1,1,2,1,1,1,-1,-1,2,2,-1,0,1,-2
234,frog,3,0,3,0,3,3,3,3,3,3,-3,3,0,1,-3,3,3,3,3,3,0,2,3,-3,-3,0,3,0,0,3,3,0,3,-3,0,3,-3,0,3,-3
235,microbe,-3,-3,-3,-3,-3,-2,-3,-1,-2,1,-2,-3,-1,-3,-3,-1,-3,-3,-3,-3,-3,-3,-2,-3,-3,-2,-1,-3,-3,0,1,1,-3,-3,-3,-3,-3,-2,-3,-3
236,fetus,3,-2,3,-1,3,3,2,3,1,-3,-3,3,0,0,-3,3,3,3,2,3,2,3,1,-3,-3,0,0,-3,2,1,3,1,2,-3,-3,2,-3,3,2,-3
237,adult,2,2,2,2,2,2,2,2,2,2,2,2,2,2,3,2,2,2,2,2,2,2,2,2,2,3,2,2,2,2,2,2,2,2,2,2,2,2,2,2
238,fish,0,-1,2,-1,1,1,2,2,-1,1,-1,-1,-2,0,-2,3,1,1,-1,1,-3,-1,-1,-2,-2,1,1,-1,0,0,-1,0,0,-2,-3,-1,-1,0,0,-1
239,computer,-3,-3,-3,-3,-3,3,3,3,3,3,3,-3,0,3,-3,-3,-3,-3,-3,-3,-3,2,3,-3,-3,-3,3,0,-3,3,-3,-3,-3,-3,0,-3,0,-3,-3,-3
240,bear,2,2,1,2,2,2,2,1,2,1,0,2,-1,2,-1,2,2,2,1,2,2,2,2,2,0,1,2,1,2,1,2,2,2,0,1,2,-1,2,2,2
241,dog,3,3,3,3,3,3,3,3,3,0,-3,3,0,2,-3,3,3,3,3,0,0,3,2,0,-3,3,2,2,2,1,3,0,3,-3,-2,3,-3,2,3,-3
242,dolphin,0,-2,0,-1,0,-1,-2,1,-2,-1,-2,0,-1,-2,0,-2,-1,0,0,0,-1,-1,1,-1,-2,0,-1,0,-1,-1,-1,-1,-1,-2,1,-2,-2,0,-1,-1
243,elephant,2,3,3,3,3,3,3,3,3,-1,1,0,-2,3,0,3,3,3,2,2,1,3,3,-2,1,2,2,1,1,-1,1,1,2,-3,0,2,0,2,3,1
244,dog,2,2,1,2,3,2,3,1,3,2,0,1,1,3,1,3,3,3,1,2,3,3,1,3,-1,-1,0,0,2,1,1,-1,2,1,0,3,-1,3,3,0
245,computer,-3,-3,-3,-3,-2,2,0,2,0,-1,3,-3,2,1,-3,-3,-3,-3,-3,-3,-3,2,2,-3,-2,-3,2,-1,-3,0,-2,0,-3,-3,0,-3,0,-2,-3,-3
246,person in a persistant vegetative state,-3,1,2,-3,-3,2,-3,0,1,-3,-3,2,-3,-3,-3,-2,-3,2,-3,-3,1,-1,-2,-3,1,-3,-3,-3,-2,-3,-3,-3,-3,-3,-3,-3,-2,1,-3,-3
247,blue jay,0,-3,3,3,0,3,3,3,2,3,-2,0,-3,3,-3,3,3,3,3,3,-3,0,-2,-3,-3,-2,3,-3,0,3,-2,0,-3,-3,0,-3,-3,0,3,-3
248,child,3,0,2,1,2,3,-1,2,2,1,-2,3,2,0,0,2,2,3,2,2,2,1,2,1,1,0,0,-1,2,0,1,1,1,2,1,1,1,3,2,2
249,goat,3,-3,3,3,3,3,3,3,3,3,-3,3,3,3,3,3,3,3,3,3,3,2,3,-3,3,3,3,3,3,3,3,3,3,-3,-3,3,3,3,3,3
250,robot,-3,-3,-3,-3,-3,0,-3,0,0,-3,0,-3,-3,0,-3,-3,-3,-3,-3,-3,-3,0,0,-3,-3,-3,-3,-3,-3,-3,-3,-3,-3,-3,-3,-3,-3,-3,-3,-3
251,fish,-1,-1,1,-1,-1,1,1,1,0,2,-2,-1,-1,-2,-2,1,0,1,-2,0,-1,-1,-2,-2,-2,-1,-1,-2,-1,-1,0,-1,-2,-2,-2,0,-2,-1,0,-2
252,stapler,-3,-3,-3,-3,-3,-3,-3,-3,-3,-3,-3,-3,-3,-3,-3,-3,-3,-3,-3,-3,-3,-3,-3,-3,-3,-3,-3,-3,-3,-3,-3,-3,-3,-3,-3,-3,-3,-3,-3,-3
253,goat,3,3,3,3,3,3,3,3,3,0,-2,2,1,3,-1,3,3,3,3,3,2,3,3,0,2,1,3,0,1,1,2,1,3,3,2,3,0,3,3,2
254,microbe,-3,-3,-3,-3,-3,0,-3,-2,-3,-3,-3,-3,-3,-3,-3,-3,-2,-3,-3,-3,-3,-3,-3,-3,-3,-3,-3,-3,-3,-2,-3,-3,-3,-3,-3,-3,-3,-3,-3,-3
255,fetus,-3,-3,-1,-3,-1,0,-3,-1,-3,-3,-3,-3,-3,-1,-3,-3,-3,0,-3,-1,-3,-2,-1,-3,-3,-3,-3,-3,-3,-3,-1,-2,-3,-3,-3,-3,-3,-3,-3,-3
256,chimpanzee,3,3,3,3,3,3,3,3,3,3,3,3,3,3,3,3,3,3,3,3,3,3,3,3,3,3,3,3,3,3,3,3,3,3,3,3,3,3,3,3
257,car,-3,-3,-3,-3,-3,-2,-2,1,-3,-1,-1,-3,-3,-3,-3,-3,-3,-3,-3,-3,-3,-3,-2,-3,-3,-3,-3,-3,-3,-3,-3,-3,-3,-3,-3,-3,-3,-3,-3,-3
258,elephant,2,2,2,2,2,2,2,2,2,2,2,2,2,2,2,2,2,3,2,2,2,2,2,1,2,3,2,2,2,2,2,2,2,2,2,2,2,2,2,2
259,dolphin,3,3,2,2,3,3,3,3,3,3,1,3,3,2,2,3,3,3,2,2,2,2,3,2,3,3,2,0,3,3,3,3,3,2,2,3,-2,3,3,2
260,computer,-3,-3,-3,-3,-3,3,0,3,-1,2,3,-3,2,3,-3,-3,-3,-3,-3,-3,-3,3,3,-3,-3,-3,3,-3,3,3,-3,-3,-3,-3,-1,-3,-3,-3,-3,-3
261,elephant,3,3,3,3,3,3,3,3,3,3,1,3,3,3,-3,3,3,3,3,3,3,3,3,2,1,3,3,3,3,3,3,3,3,-2,0,3,0,3,3,3
262,beetle,-3,-3,1,-3,1,2,3,2,2,-2,-3,0,-2,2,-2,2,2,2,-3,1,-3,-3,2,-3,-3,2,2,-3,-2,3,2,2,-3,-3,-3,-2,-3,-2,1,-3
263,person in a persistant vegetative state,-3,-3,1,-3,-3,2,0,1,3,-1,-3,-1,-3,-2,-3,-2,2,3,1,-3,-3,0,-2,-3,-3,-3,-3,-3,-1,-3,1,-3,-3,-3,-3,-2,-3,-3,0,-3
264,bear,-3,3,2,3,3,3,3,3,3,1,-2,0,-3,1,-2,3,3,3,2,3,2,2,3,-3,3,2,2,-3,2,2,2,0,2,-2,0,0,-2,2,3,1
265,mouse,2,2,3,3,3,3,3,2,3,0,-3,1,0,2,-3,3,3,3,3,3,0,1,3,-3,-3,0,3,2,3,2,3,0,2,-3,-3,2,-3,2,3,-3
266,frog,-2,-3,1,-1,1,2,2,0,0,-1,0,0,-2,0,-3,2,2,2,-1,1,-2,0,0,-3,-2,-2,0,-2,0,-1,-2,-3,-2,-2,-2,-1,-2,-2,1,-2
267,goat,2,2,1,1,0,1,2,-1,0,0,-3,1,2,0,-3,3,1,2,2,-3,2,2,0,0,-3,0,0,-1,-1,-1,-1,-1,1,-3,-1,1,-1,2,2,1
268,infant,0,-2,0,0,0,0,0,0,0,-2,-2,0,-2,-1,0,0,0,0,0,0,0,0,-1,-2,-2,-1,-1,-2,-2,-1,0,0,0,0,0,0,-2,0,0,-1
269,blue jay,2,0,2,0,1,2,2,2,2,-1,-2,-1,-1,2,-1,3,1,2,0,3,0,2,2,-1,-1,-3,1,0,1,-1,-1,-2,-1,1,-2,1,-2,0,1,1
270,adult,3,3,3,3,3,3,3,3,3,3,3,3,3,3,3,3,3,3,3,3,3,3,3,3,3,2,3,3,3,3,3,3,3,3,3,3,2,3,3,3
271,person in a persistant vegetative state,-3,-3,-3,-3,-3,-3,-3,-3,-3,-3,-3,-3,-3,-3,-3,-3,-3,-3,-3,-3,-3,-3,-3,-3,-3,-3,-3,-3,-3,-3,-3,-3,-3,-3,-3,-3,-3,-3,-3,-3
272,dolphin,2,2,3,2,2,3,2,2,2,2,-3,1,-3,2,-2,3,3,3,2,2,1,2,2,-3,-3,1,-3,-3,-3,-3,2,-3,1,-3,1,2,-3,3,2,-3
273,bear,-2,-2,0,1,-2,1,3,2,2,-2,-3,0,-1,-1,-3,3,2,1,1,-1,-2,0,-1,-2,-3,1,-1,-2,2,-1,-2,0,1,-3,-2,-1,-3,-1,-1,-3
274,frog,2,2,2,0,2,2,2,3,0,1,-1,2,-2,1,-2,3,3,3,2,1,1,2,3,-2,-2,1,0,-1,1,1,2,3,2,-2,-2,1,-2,2,2,0
275,fish,-2,-3,-3,-3,1,1,3,3,2,0,-3,2,-3,2,-3,3,1,3,0,-1,-3,-2,0,-3,-3,1,-3,-2,-3,-3,-3,-3,-3,-3,-3,0,-3,-1,1,-3
276,adult,3,3,3,3,3,2,2,2,2,3,3,3,3,3,3,3,3,3,3,3,3,3,3,3,3,3,3,3,3,3,3,3,3,3,2,3,2,3,3,3
277,microbe,-3,-3,-3,-3,-3,-3,-3,0,-3,-3,-3,-3,-3,-3,-3,-3,-3,-3,-3,-3,-3,-3,-3,-3,-3,-3,-3,-3,-3,-3,-3,-3,-3,-3,-3,-3,-3,-3,-3,-3
278,dog,1,0,1,1,1,1,2,1,3,1,-1,1,-1,1,0,1,1,2,1,1,1,1,1,1,-1,1,0,1,-1,1,1,1,2,0,1,1,1,1,1,1
279,beetle,-2,-3,1,-2,0,3,1,3,3,2,-3,-1,-2,0,-2,3,-1,2,-3,0,-2,0,1,-3,-2,1,0,-2,0,1,2,-1,2,-2,-2,-2,-2,-2,-1,-3
280,child,2,-1,3,1,1,2,2,1,2,-2,0,2,-1,2,-1,3,3,3,2,1,2,2,3,0,-1,-1,-1,-2,3,0,1,-1,1,2,0,2,2,2,2,1
281,bear,1,0,1,-1,2,1,0,1,2,-1,-1,1,2,0,0,0,1,0,0,0,0,2,1,0,0,1,2,0,2,1,1,-1,1,0,1,1,-1,2,0,1
282,stapler,-3,-3,-3,-3,-3,-3,-3,-3,-3,-3,-3,-3,-3,-3,-3,-3,-3,-3,-3,-3,-3,-3,-3,-3,-3,-3,-3,-3,-3,-3,-3,-3,-3,-3,-3,-3,-3,-3,-3,-3
283,chimpanzee,3,3,3,3,3,2,2,3,1,2,-2,1,1,2,2,3,3,3,3,2,2,3,1,0,3,1,1,-1,3,1,2,1,3,3,2,3,1,3,2,3
284,car,-2,-1,3,-2,3,2,-2,-1,1,1,2,-1,2,3,0,2,-1,-1,1,2,-1,-1,-1,-2,-1,2,2,1,2,-1,1,2,-1,2,-1,-1,-1,-2,-1,2
285,infant,2,-2,2,3,0,2,3,2,0,-1,-3,-1,-2,-2,-3,3,3,3,-1,1,3,3,0,-3,-2,-1,1,-3,-2,-1,-2,-2,3,-3,-2,2,-3,-1,0,1
286,dog,3,3,3,3,3,3,3,3,3,3,-1,1,-1,3,-3,3,3,3,3,3,3,3,3,1,3,-1,3,3,0,3,-1,0,3,3,3,3,3,3,3,3
287,car,-3,-3,-3,-3,-3,2,-3,1,1,2,2,-2,0,1,-2,-3,-3,-3,-3,-3,-3,1,1,-3,-3,0,1,0,0,-2,-2,1,-3,-3,-2,-3,0,-1,-3,-3
288,elephant,0,0,3,3,0,3,3,3,3,-3,-3,0,-2,3,-3,3,3,3,-2,0,1,3,3,-3,3,1,0,0,-2,0,3,1,0,-3,0,0,-3,-3,0,-3
289,computer,1,2,2,2,2,2,1,2,2,1,2,1,2,1,2,2,1,2,1,1,1,1,1,1,1,2,1,1,2,2,1,2,2,1,2,2,1,1,1,2
290,mouse,0,-3,3,-3,1,3,3,3,2,-1,-3,-2,-2,0,-3,3,1,3,-1,3,-2,-2,0,-3,-3,2,2,-3,3,-1,0,1,0,-3,-3,-1,-3,-1,1,-3
291,chimpanzee,1,-1,2,2,2,2,2,2,2,2,-2,1,0,2,-3,3,3,3,2,2,-1,2,3,0,-1,2,2,-1,-2,1,2,1,1,-2,0,0,-2,1,2,-2
292,microbe,-3,-3,-3,-3,-3,-3,-3,3,3,-3,-3,-3,-3,-3,-3,3,3,3,3,-3,-3,-3,-3,-3,-3,-3,-3,-3,-3,-3,-3,-3,-2,-3,-3,-3,-3,-3,-3,-3
293,microbe,-3,-2,-3,-3,-1,1,-2,-1,-2,0,-2,-2,-1,0,-3,1,-1,-1,-3,-1,-3,0,0,-3,-3,-2,0,0,1,1,-1,-2,-3,-3,-2,-3,-2,-2,-3,-2
294,computer,-3,-3,-3,-3,-3,-1,-3,-3,-3,-3,-1,-3,-3,-2,-3,-3,-3,-3,-3,-3,-3,-3,-3,-3,-3,-3,-3,-3,-3,-3,-3,-3,-3,-3,-3,-3,-3,-3,-3,-3
295,child,3,3,3,3,3,3,3,3,3,0,-3,3,0,1,2,3,3,3,3,3,3,3,2,1,1,1,1,-1,3,0,3,0,3,2,0,3,-1,3,3,1
296,car,-3,-3,-3,-3,-3,-3,-3,-3,-3,-3,1,-3,-3,-3,-3,-3,-3,-3,-3,-3,-3,-3,-3,-3,-3,-3,-3,-3,-3,-3,-3,-3,-3,-3,-3,-3,-3,-3,-3,-3
297,dolphin,0,-3,1,-2,0,3,3,1,0,1,-3,0,-3,0,-2,3,-1,1,0,0,-2,1,1,-3,-3,3,1,-3,1,0,0,1,1,-2,-1,1,-3,-2,1,-3
298,person in a persistant vegetative state,-2,-2,-2,-2,-1,-2,-3,-1,-1,-1,-3,-3,-3,-3,-1,-2,-2,-1,-1,-1,-1,-3,-3,-1,-1,-2,-3,-3,-2,-3,-3,-2,-2,-2,-2,-2,-3,-3,-2,-1
299,fish,-3,-3,-2,-3,0,3,2,3,-2,3,-2,-2,-1,-1,-2,3,-2,1,-2,3,-3,2,3,-3,-3,-1,-2,-3,-2,-2,0,-1,-3,-3,-2,-3,-3,1,-3,-3
300,goat,3,0,0,-1,-1,0,0,0,1,-1,-3,1,0,1,0,3,-1,1,0,2,2,-3,-3,-2,0,1,2,0,1,1,-1,1,-1,-1,-3,-1,-2,-1,3,-1
301,person in a persistant vegetative state,-3,-3,-3,-3,-3,-3,-3,-3,-3,-3,-3,-3,-3,-3,-3,-3,-3,-3,-3,-3,-3,-3,-3,-3,-3,-3,-3,-3,-3,-3,-3,-3,-3,-3,-3,-3,-3,-3,-3,-3
302,frog,-1,-2,-1,-2,-1,3,3,2,0,-1,-1,-2,-1,-1,-1,2,1,1,-2,-1,-2,0,-1,-2,-2,-1,-2,0,-2,-2,-2,-1,-1,-2,-1,-2,-2,-2,0,-2
303,bear,0,0,0,0,1,3,3,2,3,3,-3,0,2,3,-1,3,3,3,3,1,0,0,1,-1,0,0,3,0,2,1,1,2,1,0,0,0,-2,0,3,0
304,dog,3,3,3,2,1,3,1,2,3,2,-3,0,-2,2,-3,3,3,3,2,2,0,3,-1,0,-2,-2,0,-1,-2,-2,-1,0,-1,-1,2,3,-1,1,3,-3
305,blue jay,2,-2,2,0,-2,2,3,2,-2,-2,-3,-1,-2,-1,-3,3,2,3,2,1,-1,0,0,-2,-2,0,-1,-2,-2,-2,-2,-1,0,-2,-1,0,-2,-2,-2,-2
306,computer,-3,-3,-3,-3,-3,1,-3,-3,-3,-3,-3,-3,-3,1,-3,-3,-3,-3,-3,-3,-3,2,1,-3,-3,-3,-3,-3,-3,-3,-3,-3,-3,-3,-3,-3,-3,-3,-3,-3
307,fetus,-2,-3,-3,-3,-3,-2,-3,2,-3,-3,-3,-3,-3,-3,-3,-2,-2,-2,-3,-2,-3,-2,-3,-3,-3,-3,-3,-3,-3,-3,-3,-3,-3,-3,-3,-3,-3,-3,-2,-3
308,dolphin,3,3,3,3,3,3,3,3,3,3,-3,3,-2,0,0,3,3,3,3,3,3,0,3,-3,-3,0,1,-3,3,3,0,-3,3,3,0,3,-3,3,3,3
309,microbe,-1,-3,-3,-3,-3,-3,-3,0,-3,-3,0,-3,-1,-1,-3,-3,-3,-3,-3,1,-3,0,3,-3,-3,-2,3,-3,0,-1,-3,-3,-3,-3,-3,-3,-3,-3,-3,-3
310,blue jay,1,0,3,1,3,3,3,3,3,2,-3,-2,-2,0,-3,3,3,3,3,3,0,2,3,-1,0,3,3,3,0,3,3,-3,0,-3,1,3,-3,3,3,0
311,infant,1,-1,-1,-2,-1,2,1,1,1,-2,-3,0,-2,0,-3,1,1,2,-3,-2,-2,2,-2,-3,-3,-1,0,-2,-3,-2,-2,-1,-2,-3,-2,1,-2,-3,1,-3
312,child,2,-1,2,2,1,2,2,2,1,2,0,1,0,-1,1,2,2,2,2,2,0,2,0,0,-1,2,0,0,1,-1,2,0,2,1,-1,2,0,2,2,1
313,car,-3,-3,-3,-3,-3,1,-3,3,-3,0,1,-3,-3,-3,-3,-3,-3,-3,-3,-3,-3,-3,-3,-3,-3,-3,-3,-3,-3,-1,-3,-3,-3,-3,-3,-3,-3,-3,-3,-3
314,stapler,-3,-3,-3,-3,-3,-3,-3,-3,-3,-3,-3,-3,-3,-3,-3,-3,-3,-3,-3,-3,-3,-3,-3,-3,-3,-3,-3,-3,-3,-3,-3,-3,-3,-3,-3,-3,-3,-3,-3,-3
315,stapler,-3,-3,-3,-3,-3,-3,-3,-3,-3,-3,-3,-3,-3,-3,-3,-3,-3,-3,-3,-3,-3,-3,-3,-3,-3,-3,-3,-3,-3,-3,-3,-3,-3,-3,-3,-3,-3,-3,-3,-3
316,frog,-1,-3,-1,-1,2,3,3,0,0,1,-3,-1,-3,-1,-3,2,2,3,-3,0,-3,-3,0,-3,-3,1,-1,-3,-1,-2,-1,-2,1,-3,-3,-1,-2,-2,1,-3
317,beetle,-2,-2,0,0,-1,0,0,1,2,0,-2,-1,-1,-2,-3,0,-1,-1,0,1,-2,0,-1,-1,-1,-1,-1,-1,-1,0,-1,-2,-2,-2,-1,-1,-2,-2,-2,0
318,robot,-3,-3,-3,-3,-3,3,-1,1,0,0,3,-3,-3,3,-3,-3,-3,-3,-3,-3,-3,0,3,-3,-3,-3,-1,-3,-3,-3,-3,-3,-3,-3,-3,-3,-3,-3,-3,-3
319,fetus,-3,-3,-3,-3,-3,-3,-3,-3,-3,-3,-3,-3,-3,-3,-3,3,-3,-3,-3,-3,-3,-3,-3,-3,-3,-3,-3,-3,-3,-3,-3,-3,-3,-3,-3,-3,-3,-3,-3,-3
320,adult,3,3,3,3,3,3,3,3,3,3,0,3,3,3,3,3,3,3,3,3,3,3,3,3,3,3,3,3,3,3,3,3,3,3,0,3,0,3,3,3
321,chimpanzee,3,-3,3,1,0,2,2,-2,1,-2,-2,1,0,1,-3,3,3,3,0,3,-2,3,3,-2,-1,1,2,-3,-2,-1,0,-2,-2,-2,-2,2,-3,-2,3,-3
322,mouse,1,1,2,0,1,2,2,2,2,2,0,1,1,2,-1,2,2,2,0,0,-1,1,1,-2,-2,2,2,1,2,1,2,0,1,-2,-2,0,-2,1,1,0
323,person in a persistant vegetative state,-1,1,-1,-2,1,-1,-2,-2,0,-1,-3,-1,-3,-2,0,0,-2,-1,-1,-1,0,-3,-1,-1,-1,-2,-1,0,-2,-2,-2,0,1,-3,-1,0,-2,-2,-1,-1
324,chimpanzee,0,2,1,1,1,3,3,-1,3,0,1,0,0,2,-3,3,3,3,-1,-2,1,3,1,2,-2,0,3,-2,2,1,0,-2,0,-2,1,2,-2,3,3,-3
325,adult,3,3,3,3,3,3,3,3,3,3,3,3,3,3,3,3,3,3,3,3,3,3,3,3,3,3,3,3,3,3,3,3,3,3,2,3,3,3,3,3
326,microbe,-3,-3,-3,-2,-3,-3,-2,2,-2,0,-1,-2,-3,-3,-3,-3,-3,-2,-3,-3,-3,-3,-1,-3,-3,-1,-1,0,-3,1,-2,-1,-2,-3,-3,-3,-2,-3,-2,-3
327,mouse,-2,-2,0,-2,-2,-1,-1,-1,-1,-3,-3,-2,-2,-2,-1,2,-2,-1,-1,-1,-2,-2,-1,-3,-3,-1,-2,-2,-3,-2,-3,0,-2,-3,-3,-2,-2,-2,-1,-3
328,fish,3,-3,3,-3,3,3,3,3,-3,3,0,-3,0,3,-3,3,3,3,-3,3,-3,3,3,-3,-3,-3,3,3,0,-3,-3,3,-3,-3,-3,-3,-3,-3,3,-3
329,computer,-3,-3,-3,-2,-3,-1,-2,0,-3,-1,3,-3,0,0,-3,-3,-3,-3,-3,-3,-3,-3,1,-3,-3,-3,-3,-3,-3,-3,-3,-3,-3,-3,-3,-3,-1,-3,-3,-3
330,robot,-3,-3,-3,-3,-3,3,3,3,2,0,3,-3,3,3,-3,-3,-3,-3,-3,-3,-3,3,2,-3,-3,-3,0,-3,-2,3,-3,-3,-3,-3,-3,-3,-2,-3,-3,-3
331,computer,-3,-3,-3,-3,-3,1,-3,1,-3,-3,3,-3,-3,-3,-3,-3,-3,-3,-3,-3,-3,-3,-3,-3,-3,-3,-3,-3,-3,-3,-3,-3,-3,-3,-3,-3,-3,-3,-3,-3
332,frog,-1,2,3,-1,2,3,3,2,2,2,-2,-2,-2,1,-2,3,1,3,-1,-1,-1,3,3,-3,-3,-1,-1,-1,-3,-2,3,-1,2,-3,-1,0,-2,-1,0,-2
333,bear,0,0,2,2,0,3,3,1,3,1,-3,1,-2,2,-2,3,2,3,2,1,0,2,-2,-1,-2,1,0,-2,2,-2,3,1,1,-2,-2,0,-1,0,2,-1
334,blue jay,3,-3,3,3,3,3,3,3,3,2,-3,3,0,3,-2,3,3,3,1,3,0,0,3,-3,-3,3,3,-2,3,3,2,0,3,-3,-3,3,-3,3,3,-1
335,elephant,2,1,3,1,1,3,3,2,2,1,-3,0,1,3,-3,3,3,3,1,3,2,3,3,-1,-2,2,2,2,-1,2,0,0,1,-1,-1,2,-2,3,2,1
336,robot,-3,-3,-3,0,-3,2,3,2,3,0,2,-3,0,2,-3,-3,-3,-3,-3,-3,-3,2,3,-3,0,-3,2,0,-3,1,-3,-3,-3,-3,0,-3,1,-3,-3,-3
337,child,3,-1,3,2,-1,0,0,0,1,0,-1,3,1,1,-1,3,3,2,2,2,3,3,1,1,-2,0,1,0,0,1,0,1,0,3,-2,3,-1,2,2,2
338,blue jay,3,3,3,3,3,3,3,3,3,3,-3,3,-3,0,-3,3,3,3,0,3,-3,3,3,-3,-3,3,3,-3,3,1,3,3,3,-3,-3,3,-3,3,3,-3
339,adult,3,1,1,1,1,2,3,2,2,2,3,1,1,3,2,2,2,2,2,1,1,3,2,1,1,3,2,1,2,3,2,3,3,2,2,2,3,2,3,0
340,person in a persistant vegetative state,-3,-3,-3,-3,-2,-2,-3,-2,-2,-3,-3,-2,-3,-2,-2,-2,-3,-2,-3,-3,-3,-2,-2,-3,-3,-2,-3,-3,-2,-3,-2,-2,-2,-3,-3,-2,-3,-2,-3,-3
341,dog,3,3,3,3,3,3,3,3,3,3,-2,3,-1,3,0,3,3,3,3,3,3,3,3,3,2,3,3,3,3,-2,3,-1,3,0,3,3,2,3,3,-1
342,child,3,1,3,2,2,3,3,2,3,1,-2,3,1,2,2,3,3,3,3,3,3,2,3,2,2,3,0,-1,3,1,3,-1,3,2,1,3,1,3,3,2
343,fish,-3,-3,-2,-3,-2,-2,0,-1,-2,-2,-3,-2,-3,-2,-3,-2,-2,-2,-3,-2,-3,-2,-1,-3,-3,-3,-3,-2,-3,-1,-1,-2,-3,-3,-2,-3,-3,-3,-3,-3
344,dog,3,3,3,3,3,3,3,3,3,3,-1,2,1,2,0,3,3,3,3,3,3,3,2,3,1,2,2,1,2,2,2,2,2,2,1,3,2,3,3,2
345,microbe,-3,-3,-3,-3,-3,-2,-3,2,-3,-3,-3,-3,-3,-3,-3,-3,-3,-3,-3,0,-3,0,1,-3,-3,-3,-3,-3,-3,2,-3,-3,-3,-3,-3,-3,-3,-3,-3,-3
346,beetle,-3,-3,1,-3,-3,1,3,2,1,-3,-3,-3,-3,-3,-3,3,-3,3,-3,-3,-3,-3,-3,-3,-3,3,3,-3,-3,-3,-3,0,-3,-3,-3,-3,-3,-3,-3,-3
347,mouse,-2,-3,1,1,1,3,3,2,1,2,-2,2,-2,1,-2,3,-1,3,0,0,1,0,1,-2,-3,3,2,0,0,-2,2,2,-2,-2,-1,-2,-2,0,1,-2
348,bear,0,-1,2,2,1,3,3,2,3,1,-2,2,-1,0,-2,3,3,3,2,1,0,2,0,1,-1,1,3,-1,-1,1,3,-1,0,-2,-2,1,-2,1,2,0
349,dolphin,3,1,2,2,1,3,3,2,2,3,-2,3,2,2,0,3,3,3,-1,0,3,3,3,1,0,3,2,0,2,1,3,3,3,0,1,3,1,2,3,0
350,car,-3,-3,-3,-3,-3,-3,-3,-3,-3,-3,-3,-3,-3,-3,-3,-3,-3,-3,-3,-3,-3,-3,-3,-3,-3,-3,-3,-3,-3,-3,-3,-3,-3,-3,-3,-3,-3,-3,-3,-3
351,dolphin,2,2,2,1,1,3,3,3,2,-1,-2,1,-1,1,-2,3,3,3,1,2,1,2,2,0,0,1,1,-1,1,1,2,-2,2,0,-1,2,0,2,2,-1
352,infant,2,1,0,1,2,1,2,1,1,0,-2,-1,-2,-2,-3,3,3,3,1,2,2,1,-2,-2,-2,-1,0,-2,0,1,-1,0,1,-1,-1,2,-3,1,2,-2
353,chimpanzee,1,1,3,3,-2,-2,3,3,2,2,-2,2,-2,1,-3,3,3,3,2,0,0,0,0,-2,-2,0,-2,-2,-2,-2,0,-2,-1,-2,-2,-1,-3,1,2,-2
354,fetus,-3,-3,-3,-3,-3,-2,-3,-2,-3,-3,-3,-2,-3,-3,-3,-2,-3,-2,-3,-3,-3,-3,-3,-3,-3,-2,-3,-3,-3,-3,-2,-3,-3,-3,-3,-3,-3,-3,-3,-3
355,elephant,3,1,2,2,2,3,3,2,1,1,1,1,1,2,0,3,2,3,1,2,3,2,2,1,2,0,0,2,1,1,1,1,1,0,2,2,0,2,1,2
356,robot,-3,-3,-3,-3,-3,3,3,3,3,3,3,-3,3,3,-3,-3,-3,-3,-3,-3,-3,3,3,-3,-3,-3,3,-3,-3,3,-3,-3,-3,-3,-3,-3,-3,-3,-3,-3
357,adult,3,3,3,3,3,3,3,3,3,3,3,3,3,3,3,3,3,3,3,3,3,3,3,3,3,3,3,3,3,3,3,3,3,3,3,3,3,3,3,3
358,stapler,-1,-2,0,1,3,2,-1,0,0,-2,-1,2,-3,-3,-3,0,2,2,0,1,1,-2,0,1,-2,-3,1,-1,2,-1,-1,1,-1,3,1,1,1,1,-1,1
359,chimpanzee,1,2,3,1,1,2,3,3,3,3,1,-3,-3,3,-3,3,3,3,3,3,1,3,3,-3,1,2,3,2,1,1,3,1,1,-3,1,3,1,2,1,1
360,person in a persistant vegetative state,1,3,3,1,3,0,0,-3,2,2,1,3,2,2,2,0,1,1,-3,1,2,2,-3,1,2,3,0,0,-1,-3,2,3,2,0,1,-1,3,2,-2,-2
361,dog,3,3,3,2,3,3,3,3,3,1,-1,3,3,3,3,3,3,3,3,3,3,3,3,2,1,2,3,3,3,3,3,2,3,2,2,3,0,3,3,1
362,goat,0,0,2,3,2,3,3,2,2,0,-2,0,0,1,-2,3,3,2,3,0,0,2,1,-2,-1,3,1,1,0,1,1,1,1,-2,-1,0,-2,2,1,1
363,car,-3,-3,-3,-3,-3,-3,-3,-3,-3,-3,-3,-3,-3,-3,-3,-3,-3,-3,-3,-3,-3,-3,-3,-3,-3,-3,-3,-3,-3,-3,-3,-3,-3,-3,-3,-3,-3,-3,-3,-3
364,goat,2,2,2,3,0,3,3,3,3,3,-3,2,-1,2,0,3,3,3,-1,2,2,3,1,1,-2,2,2,-2,3,2,3,-1,3,-1,-3,3,-2,3,3,2
365,blue jay,3,0,3,3,3,3,3,2,2,3,2,2,0,3,0,3,3,3,1,3,2,2,0,0,0,3,3,0,3,2,2,2,3,-2,0,3,-3,3,3,2
366,dolphin,3,2,3,1,3,3,3,3,3,-1,-1,2,2,3,-2,3,3,3,3,1,-1,3,3,0,2,3,2,0,1,1,2,1,3,-3,0,3,-2,2,2,0
367,mouse,-2,2,3,2,-1,3,2,3,3,2,-1,0,-3,3,-2,3,2,3,2,3,-1,2,2,-3,-2,-3,2,1,2,1,-3,-3,3,-3,-3,-1,-1,1,3,-3
368,bear,0,-2,0,2,3,3,3,3,3,3,-2,3,2,2,-3,3,3,3,0,3,0,3,0,-3,-1,2,2,-2,3,2,2,0,3,-3,-3,1,-2,2,3,1
369,person in a persistant vegetative state,-3,-3,-3,-3,-3,-3,-3,-1,-3,-3,-3,-3,-3,-3,-3,-3,-3,-3,-3,-3,-3,-3,-3,-3,-3,-3,-3,-3,-3,-3,-3,-3,-3,-3,-3,-3,-3,-3,-3,-3
370,fetus,-3,-3,-3,-3,-3,-1,-3,-3,-3,-3,-3,-3,-3,-3,-3,-1,-3,-3,-2,-3,-3,-3,-3,-3,-3,-3,-3,-3,-3,-3,-3,-3,-3,-3,-3,-3,-3,-3,-3,-3
371,stapler,-3,-3,-3,-3,-3,-3,-3,-3,-3,-3,-3,-3,-3,-3,-3,-3,-3,-3,-3,-3,-3,-3,-3,-3,-3,-3,-3,-3,-3,-3,-3,-3,-3,-3,-3,-3,-3,-3,-3,-3
372,microbe,0,-2,1,-1,-1,0,-2,1,1,0,-2,-2,-2,1,-2,3,-2,2,-1,1,-2,0,2,-2,-2,-2,-1,0,-2,1,1,-1,0,-3,-2,0,-3,0,-2,-3
373,computer,-3,-3,-3,-3,-3,-1,-3,-3,-3,-3,0,-3,-3,-1,-3,-3,-3,-3,-3,-3,-3,-3,-1,-3,-3,-3,-2,-3,-3,-3,-3,-3,-3,-3,-3,-3,-3,-3,-3,-3
374,goat,0,0,3,-3,2,1,2,3,3,-3,-3,-3,-3,-3,-2,3,2,3,0,0,-2,-2,-1,-3,-2,-2,-3,-2,-2,-3,-2,-2,-2,-2,-3,-2,-3,-2,0,-3
375,child,3,1,3,2,3,1,2,1,2,0,-1,1,0,0,0,3,3,3,3,2,3,2,1,-1,-2,1,0,-1,0,0,-1,0,1,-1,0,3,0,3,2,1
376,infant,2,-1,2,2,1,1,3,2,2,0,-2,0,-3,1,-1,3,3,3,1,1,1,2,1,0,0,-1,1,-1,1,-1,0,0,2,0,-1,1,-2,1,2,0
377,computer,-3,-3,-3,-3,-3,2,-1,3,-3,-1,3,-2,0,1,-2,-2,-1,-3,-2,0,-3,0,0,-3,-3,-3,1,1,-3,2,-3,-3,-3,-3,-3,-3,-3,-3,-3,-3
378,adult,3,3,3,3,3,3,3,3,3,3,3,3,3,3,3,3,3,3,3,3,3,3,3,3,3,3,3,3,3,3,3,3,3,3,3,3,3,3,3,3
379,microbe,-3,-3,-3,-3,-3,-3,-3,-1,-2,-3,-3,-3,-3,-3,-3,-2,-3,-3,-3,-3,-3,-3,-3,-3,-3,-3,-3,-3,-2,-2,-2,-2,-3,-3,-3,-3,-3,-3,-3,-3
380,elephant,0,0,2,2,2,0,2,2,1,2,2,1,2,3,0,0,2,2,0,2,1,1,1,2,-2,1,2,2,1,1,1,3,-1,-2,2,3,0,2,2,0
381,microbe,-3,-3,-3,-3,-3,1,-2,1,0,1,-1,-3,-3,-3,-3,1,-2,0,-3,-3,-3,-3,1,-3,-3,-3,0,-3,-3,-1,-3,0,-3,-3,-3,-3,-3,-3,-3,-3
382,dog,3,3,3,-2,3,3,3,3,3,2,-3,3,-1,3,-3,3,3,3,3,3,3,3,3,-3,-3,3,3,3,-3,3,3,3,3,-3,3,3,-3,3,3,3
383,mouse,-2,-2,3,-1,-2,3,3,3,3,1,-3,3,-2,3,-3,3,3,3,0,3,-3,-1,3,-3,-3,3,3,-2,3,3,3,-3,3,-3,-3,-3,-3,-3,-3,-3
384,frog,-1,-1,0,-1,-1,2,-1,2,2,2,-3,-1,-1,-1,-1,-1,-1,2,-1,-1,-1,0,1,-1,-1,-1,-1,-1,-1,-1,1,-1,-3,-1,-1,-1,-1,-1,2,-1
385,dog,2,2,3,1,0,3,3,3,3,-1,-3,1,-3,3,-3,3,2,3,3,3,3,3,1,1,-3,0,0,-2,-1,-3,2,-2,0,-3,-1,3,-2,3,3,-3
386,frog,-2,-2,-1,-1,-1,2,2,2,2,0,-2,-2,-2,-2,-3,2,1,0,0,0,-2,-1,1,-3,-3,-2,-1,-2,-2,-1,-1,-2,-1,-3,-2,-2,-3,-2,0,-2
387,stapler,-3,-3,-3,-3,-3,-3,-3,-3,-3,-3,-3,-3,-3,-3,-3,-3,-3,-3,-3,-3,-3,-3,-3,-3,-3,-3,-3,-3,-3,-3,-3,-3,-3,-3,-3,-3,-3,-3,-3,-3
388,microbe,-3,-3,-3,-3,-3,-3,-3,1,-2,-3,-3,-3,-3,-3,-3,-3,-3,-3,-3,-3,-3,-3,0,-3,-3,-2,-3,-3,-3,2,-3,-3,-3,-3,-3,-3,-3,-3,-3,-3
389,adult,3,3,3,3,3,3,3,3,3,3,3,3,3,3,3,3,3,3,3,3,3,3,3,3,3,3,3,3,3,3,3,3,3,3,3,3,3,3,3,3
390,fish,-1,-3,3,1,1,3,3,3,-1,-1,-3,-2,-1,-2,-3,3,-1,3,-1,-2,-2,-3,-1,-3,-3,-1,-1,-3,-3,-1,3,-3,-1,-3,-2,-2,-3,-3,1,-3
391,beetle,-3,-3,-3,-3,-3,-2,-2,-1,-2,-3,-3,-2,-3,-3,-3,-2,-3,-1,-3,-3,-3,-3,-2,-3,-3,-3,-2,-3,-3,-2,-3,-3,-3,-3,-3,-3,-3,-3,-3,-3
392,child,1,0,2,1,1,1,2,1,1,1,0,1,0,0,1,2,1,2,-1,1,1,2,1,1,1,0,0,0,0,-1,1,0,1,1,0,2,1,1,1,0
393,bear,3,1,2,2,2,3,3,2,3,1,-3,3,3,1,0,3,3,3,1,0,0,2,2,0,1,1,3,2,1,2,-2,1,1,0,-2,1,1,2,2,2
394,robot,0,-1,1,1,2,3,3,3,-1,3,3,2,1,3,-2,-2,1,-1,-2,2,-1,2,2,0,-1,1,3,2,2,0,0,1,1,0,1,1,1,-1,0,-1
395,stapler,-3,-3,-3,-3,-3,-3,-3,-3,-3,-3,-3,-3,-3,-3,-3,-3,-3,-3,-3,-3,-3,-3,-3,-3,-3,-3,-3,-3,-3,-3,-3,-3,-3,-3,-3,-3,-3,-3,-3,-3
396,adult,1,1,1,1,1,1,1,1,1,1,1,1,1,1,1,1,1,1,1,1,1,1,1,1,1,1,1,1,1,1,1,1,1,1,1,1,1,1,1,1
397,dolphin,3,2,3,2,3,3,2,3,3,3,-1,3,1,2,0,3,3,3,2,2,2,3,3,-1,1,1,2,0,2,2,1,1,2,0,2,3,0,2,3,1
398,robot,-3,-3,-3,-3,-3,2,0,2,2,1,2,-3,0,2,-3,-3,-2,-3,-3,-1,-3,0,2,-3,-3,-3,-3,-3,-3,1,-3,-3,-3,-3,-2,-3,-3,-2,-3,-3
399,blue jay,-3,-3,-3,2,-3,-1,2,-3,-3,-2,-3,-3,-3,-3,-3,3,-1,-3,-3,-3,-3,-2,-3,-3,-3,-3,-3,-3,-3,-3,-3,-3,-3,-3,-3,-3,-3,-3,-3,-3
400,frog,-3,-2,3,-3,2,3,3,2,1,0,-3,1,1,2,-3,3,-1,3,-1,2,-3,2,2,-3,-3,0,2,-3,2,2,2,-1,-2,-3,-3,-3,-3,-1,-1,-3
401,fish,-1,-2,2,-2,1,-1,0,2,-1,2,-3,-3,-3,-2,-3,3,0,2,0,1,-3,1,-1,-3,-3,-2,0,-2,-1,1,2,0,-2,-3,-3,-3,-3,-2,-1,-3
402,beetle,-3,-3,3,-2,-1,0,3,3,0,0,-3,-3,-3,-3,-3,3,-3,1,-2,1,-3,-3,-2,-3,-3,-3,-1,-3,0,-1,-3,-2,1,-3,-3,-3,-3,-3,-2,-3
403,child,2,1,-1,2,1,2,3,1,2,2,0,0,2,0,1,2,-1,0,3,0,0,1,0,2,0,2,2,-1,3,1,1,2,1,3,2,2,1,0,1,1
404,dolphin,1,-3,1,-1,3,3,3,3,3,3,-2,3,3,3,-2,3,3,3,1,1,0,2,3,-2,-3,3,2,-1,3,3,3,3,3,-3,-1,1,-2,0,3,-2
405,car,-3,-3,-3,-3,-3,-1,-2,-1,-3,-3,-2,-3,-3,-2,-3,-3,-3,-3,-3,-3,-3,-3,-2,-3,-3,-3,-2,-3,-3,-1,-3,-3,-3,-3,-3,-3,-3,-3,-3,-3
406,child,3,2,3,3,3,3,3,2,2,1,1,3,2,2,2,3,3,3,3,3,3,2,3,2,3,1,3,-2,3,2,3,1,3,3,2,3,1,3,3,3
407,dog,3,3,3,2,2,3,3,3,3,3,-1,3,2,3,3,3,3,3,3,3,3,3,3,3,3,3,3,3,3,3,3,1,3,1,1,3,3,3,3,3
408,chimpanzee,2,3,2,3,3,3,3,2,3,-1,-3,1,-1,0,-1,3,2,3,1,3,3,1,3,0,1,2,1,0,1,1,2,1,1,0,-1,2,-1,3,3,2
409,microbe,0,-3,1,-2,-1,2,1,2,2,1,2,-2,-2,1,-3,3,0,0,-2,0,-3,-3,-3,-3,-3,1,3,-2,2,3,0,1,-1,-3,-3,-1,0,-2,-2,-2
410,blue jay,-1,-2,0,-1,0,2,3,3,0,3,-2,-2,-3,2,-3,3,2,3,-2,1,-1,2,2,-3,-2,0,-1,0,1,-3,3,-1,-2,-3,-2,-2,-2,1,-1,-1
411,bear,1,-2,2,3,0,2,2,2,3,1,-2,0,1,2,-1,3,1,3,-1,-1,1,1,1,-2,-1,2,1,-3,1,2,0,1,1,-2,0,1,-1,1,1,-2
412,robot,-3,-3,-3,-3,-3,2,-3,3,3,1,3,-1,1,2,-3,-3,-3,-3,-3,-3,-3,2,1,-3,-3,-3,0,-1,-2,3,-3,-2,-3,-3,-1,-3,-3,-2,-2,-1
413,infant,2,-3,3,2,0,3,1,2,1,-1,-3,-1,-3,0,-3,3,3,3,2,2,2,2,-2,-3,-2,-2,-1,-3,-2,-3,1,-2,1,-2,-3,1,-3,-1,2,-2
414,car,-3,-3,-3,-3,-3,3,3,3,1,3,3,-3,1,3,-3,-3,-3,-3,-3,-3,-3,3,3,-3,-3,-3,-1,-2,-3,-1,-3,-3,-3,-3,1,-3,-1,-1,-3,-3
415,adult,3,3,3,3,2,3,3,0,2,1,2,3,1,2,2,3,3,3,2,2,3,3,2,2,2,1,2,2,3,2,2,2,3,2,1,2,1,3,3,3
416,child,3,1,3,2,0,3,3,2,3,1,-1,2,0,2,1,3,2,3,2,2,2,3,2,3,2,1,0,0,2,1,3,2,2,2,0,3,1,1,3,-1
417,robot,-3,-3,-3,-3,-3,-1,-2,-1,-3,0,-1,-3,-3,-1,-3,-3,-3,-3,-3,-3,-3,-1,-2,-3,-3,-3,-2,-3,-3,-3,-3,-3,-3,-3,-3,-3,-3,-3,-3,-3
418,goat,2,3,3,2,2,3,3,2,3,2,-3,0,-2,2,-3,3,3,3,3,3,3,3,0,-2,-3,0,-1,-2,1,-3,-1,-2,3,-2,-2,0,-3,0,2,-1
419,computer,-3,-3,-3,-3,-3,-3,-3,-1,-3,-3,-3,-3,-3,-3,-3,-3,-2,-3,-3,-3,-3,-3,-3,-3,-3,-3,-3,-3,-3,-3,-3,-3,-3,-3,-3,-3,-3,-3,-3,-3
420,robot,-3,-3,-3,-3,-3,3,3,2,-3,1,-3,-3,-1,-3,-3,-3,-3,-3,-3,-3,-3,3,2,-3,-1,-3,-3,-3,3,-3,-3,-1,-3,-3,-2,-3,-3,-3,-3,-3
421,fetus,3,-3,3,-3,3,3,-3,3,-3,-3,-3,3,-3,-3,-3,3,3,3,-3,3,3,3,3,-3,-3,-3,-3,-3,-3,-3,3,-3,0,-3,-3,3,-3,3,-3,-3
422,adult,2,2,2,1,2,2,0,2,2,2,2,3,2,2,2,3,2,3,2,3,2,2,2,3,3,0,0,2,2,2,3,3,2,3,0,2,2,3,3,2
423,robot,-3,-3,-3,-3,-3,3,2,3,-3,0,3,-3,-3,-1,-3,-3,-3,-3,-3,-3,-3,3,3,-3,-3,-3,0,-3,-3,0,-2,-3,-3,-3,-2,-3,-3,2,-3,-3
424,elephant,-3,-2,2,2,-3,0,3,3,1,2,-3,2,2,3,-3,3,3,3,1,-3,3,0,3,-3,-3,1,0,-2,-3,1,3,2,0,-3,2,-2,-3,2,1,0
425,dolphin,1,1,2,1,1,3,2,2,0,1,-3,1,0,1,-1,3,2,3,1,0,1,1,3,0,1,0,0,0,1,1,1,1,1,-1,0,3,0,2,3,0
426,mouse,0,-1,3,-1,1,3,3,3,3,2,-3,-1,-2,1,-3,3,3,3,2,2,-1,0,0,-3,-2,1,1,-1,1,1,3,0,1,-3,-2,-1,-3,-1,2,-3
427,dog,3,3,3,3,3,3,3,3,3,-1,-3,0,-3,3,-3,3,3,3,3,3,3,3,3,3,2,1,0,-1,0,-2,3,2,2,2,3,3,1,3,3,-2
428,person in a persistant vegetative state,-3,-3,-3,-3,-3,2,-3,-1,-1,-3,-3,-2,-3,-1,-3,0,-3,-3,-3,-3,-3,-2,-3,-3,-3,-3,-3,-3,-3,-3,-3,-2,-3,-3,-3,-3,-3,-3,-2,-3
429,blue jay,1,1,3,1,3,3,3,3,3,3,-3,1,1,3,-3,3,3,3,3,3,1,1,3,-3,-3,2,2,0,2,2,2,2,2,-3,-3,1,-3,3,2,0
430,fish,-2,-3,2,-2,-2,1,3,1,1,3,-2,-3,-1,0,-3,3,0,1,-3,-3,-3,-1,-3,-3,-3,-2,1,-3,0,-3,-1,-3,-2,-3,-3,-2,-2,-2,1,-2
431,frog,-2,-2,3,-2,3,2,3,3,2,2,-3,3,-3,1,-3,3,-1,3,-3,3,-3,1,-2,-3,-2,3,2,-3,0,3,-2,-3,-1,-3,-3,-3,-3,-2,3,-2
432,fetus,2,0,1,1,1,2,2,1,2,1,2,2,1,2,1,2,1,1,2,3,1,2,1,1,1,2,1,2,1,2,1,3,1,1,1,2,1,1,2,1
