"","V1","V2","V3","V4","V5","V6","V7","V8","V9","V10","V11","V12","V13","V14","V15","V16","V17","V18","V19","V20","V21","V22","V23","V24","V25","V26","V27","V28","V29","V30","V31","V32","V33","V34","V35","V36","V37","V38","V39","V40"
"1",-3,3,3,3,3,-3,3,3,3,-3,3,-3,3,-3,3,3,-3,3,-3,-3,3,3,3,3,3,3,3,3,3,3,-3,3,3,3,3,3,3,3,3,3
"2",-3,-3,-3,-3,-3,-3,-3,-3,-3,-3,-3,-3,-3,-3,-3,-3,-3,-3,-3,-3,-3,-3,-3,-3,-3,-3,-3,-3,-3,-3,-3,-3,-3,-3,-3,-3,-3,-3,-3,-3
"3",3,3,3,3,3,3,3,3,3,3,3,3,3,3,3,3,3,3,3,3,3,3,3,3,3,3,3,3,3,3,3,3,3,3,3,3,3,3,3,3
"4",-3,-3,-3,-3,-3,-3,-3,-3,-3,-3,-3,-3,-3,-3,-3,-3,-3,-3,-3,-3,-3,-3,-3,-3,-3,-3,-3,-3,-3,-3,-3,-3,-3,-3,-3,-3,-3,-3,-3,-3
"5",-3,-3,-3,-3,-3,-3,-3,-3,-3,-3,-3,-3,-3,-3,-3,-3,-3,-3,-3,-3,-3,-3,-3,-3,-3,-3,-3,-3,-3,-3,-3,-3,-3,-3,-3,-3,-3,-3,-3,-3
"6",-3,-3,-3,-3,-3,-3,-3,-3,-3,-2,-3,-3,-3,-3,-3,-3,-3,-3,-3,-3,-3,-3,-3,-3,-3,-3,-3,-3,-3,-3,-3,-3,-3,-3,-3,-3,-3,-3,-3,-3
"7",-1,2,2,2,-1,2,2,2,2,-1,0,2,2,2,2,2,2,2,2,0,-1,2,2,0,2,2,2,2,3,2,0,2,2,2,2,2,2,3,2,2
"8",-1,1,-2,0,2,-1,-1,0,-1,1,2,-1,1,-1,2,0,2,1,1,1,1,-2,1,0,0,0,1,1,0,1,0,-1,1,0,-1,2,0,-1,-1,1
"9",-1,1,0,3,1,1,1,2,3,-3,0,-2,0,0,0,0,0,-1,-2,0,-2,0,2,0,1,0,1,-1,1,1,2,1,0,1,0,0,1,3,1,3
"10",3,0,1,0,2,0,3,3,3,3,-3,-3,-1,-3,-3,-3,-3,1,-3,-3,-3,-3,3,-3,-3,-2,-3,-3,-3,-3,-3,-3,-2,-3,-3,-3,-3,-3,-3,-3
"11",-3,-3,-3,-3,-3,-3,-3,-3,-3,-3,-3,-3,-3,-3,-3,-3,-3,-3,-3,-3,-3,-3,-3,-3,-3,-3,-3,-3,-3,-3,-3,-3,-3,-3,-3,-3,-3,-3,-3,-3
"12",-3,-3,-3,-3,-3,-3,-3,-3,-3,-3,-3,-3,-3,-3,-3,-3,-3,-3,-3,-3,-3,-3,-3,-3,-3,-3,-3,-3,-3,-3,-3,-3,-3,-3,-3,-3,-3,-3,-3,-3
"13",1,3,3,3,3,1,2,3,3,-2,1,3,-2,-3,1,1,-3,-3,-2,-2,-2,1,3,1,3,1,1,2,3,1,3,3,3,3,2,3,3,3,3,3
"14",-3,-1,-2,2,2,0,0,1,3,-3,-3,0,-2,-3,-3,0,-2,-3,-3,-3,-3,1,0,1,-3,1,-3,-2,1,0,-2,-3,0,1,0,-2,1,3,3,1
"15",-3,1,-3,-2,2,0,-3,3,3,-3,0,-3,-3,-3,-3,-3,-3,-3,-3,-3,-3,-3,1,-3,-2,-3,-3,1,-3,-3,-3,-3,-3,-3,-3,-3,-3,0,-3,1
"16",3,3,3,3,3,3,3,3,3,-2,2,1,1,1,-1,1,-2,-1,-2,-2,-2,3,3,3,2,1,3,1,1,3,3,2,1,1,1,2,3,3,3,3
"17",2,0,2,3,3,1,0,3,3,-3,1,-2,2,-1,-1,0,0,-1,-1,-1,-1,2,3,3,3,1,3,0,2,3,1,1,3,0,2,1,2,3,1,3
"18",-1,1,-3,3,-3,-2,-2,3,3,-3,-3,-2,-3,-3,-2,-3,-2,-3,-3,-3,-3,-2,3,-1,-3,-2,1,-3,-2,3,3,-2,-2,-2,3,3,3,3,3,3
"19",0,1,0,2,-2,2,2,-1,1,3,-1,-3,-3,-3,-1,-3,-3,-2,-3,-3,-3,0,-3,-3,-2,-1,-2,-3,-3,-3,-3,-3,-3,-3,-3,-3,-3,-3,-3,-3
"20",0,-3,-3,2,-3,-3,1,0,1,-3,-3,-3,-3,-3,-3,-3,-3,-3,-3,-3,-3,1,0,0,-3,-3,0,-3,-3,-3,-3,-3,0,-3,-3,-3,-2,-1,-2,1
"21",-3,-3,-3,-3,-3,-3,-2,-3,-3,-3,-3,-3,-3,-3,-3,-3,-3,-3,-3,-3,-3,-3,-3,-3,-3,-3,-3,-3,-3,-3,-3,-3,-3,-3,-3,-3,-3,-3,-3,-3
"22",-3,-3,-3,-3,-3,-3,-3,-3,-3,-3,-3,-3,-3,-3,-3,-3,-3,-3,-3,-3,-3,-3,-3,-3,-3,-3,-3,-3,-3,-3,-3,-3,-3,-3,-3,-3,-3,-3,-3,-3
"23",2,2,2,3,2,1,3,2,3,0,2,1,1,1,0,1,1,0,0,0,1,0,2,2,2,3,3,2,2,1,1,2,2,3,2,1,2,3,2,3
"24",-3,3,3,3,3,3,3,3,3,-3,-3,3,2,2,-3,3,-3,3,-3,3,-3,-3,3,3,3,3,3,3,3,3,3,3,3,3,3,3,3,3,3,3
"25",2,3,2,2,2,2,3,2,2,2,3,1,2,2,2,2,1,1,2,2,2,3,2,3,2,3,3,2,2,1,1,2,2,2,2,2,2,3,2,2
"26",-3,0,3,3,0,3,3,3,3,-3,-3,2,0,-3,1,2,2,0,-3,-3,-3,0,3,0,0,2,-3,3,3,3,3,1,3,3,2,3,3,3,3,3
"27",-3,0,0,3,0,3,0,3,3,3,-3,-3,-3,-3,-3,-3,-3,-3,-3,-3,-3,-3,-1,-3,-3,-3,-3,-3,-3,-3,-3,-3,-3,-3,-3,-3,-3,-3,-2,-3
"28",-1,1,2,3,2,1,2,3,3,-1,-1,1,-1,1,1,-1,-1,1,-2,-1,-1,2,3,3,-1,1,1,1,3,2,3,1,2,1,3,2,2,3,3,3
"29",-3,1,-1,3,0,-1,-2,3,3,-3,-3,-3,-3,-3,-3,-3,-3,-3,-3,-3,-3,-3,3,-2,0,1,3,0,-1,3,3,3,2,2,1,2,2,3,3,3
"30",-3,-3,-3,-3,0,-2,-3,-2,-3,-3,-3,-3,-3,-3,-2,-3,-3,-3,-3,-3,-3,-3,-3,-3,-2,-3,-3,-3,-3,-3,-2,-3,-2,-3,-2,-2,-3,-3,-3,-3
"31",-3,1,2,3,3,2,1,3,3,-3,-3,-3,-3,-3,-3,0,-3,-2,-3,-3,-3,2,3,2,-3,-3,3,0,-3,3,3,0,2,0,2,2,3,3,3,3
"32",1,-1,-3,2,-1,3,0,3,3,3,-2,-3,-3,-3,-3,-3,-3,-2,-3,-3,-3,-2,-1,-3,-2,0,-2,-3,-3,-3,-3,-3,-3,-3,-3,-3,-3,-3,-2,-3
"33",-3,3,-3,3,-1,-3,0,1,3,-3,-2,-3,-3,-3,-2,-3,-3,-3,-3,-3,-3,-3,0,2,0,2,-2,0,3,-3,3,2,2,3,3,-1,2,3,3,3
"34",1,2,1,3,3,2,2,3,3,0,1,2,1,1,1,2,3,2,3,2,1,2,3,3,3,3,2,3,2,2,3,3,3,3,1,3,3,3,3,3
"35",2,2,1,3,2,1,2,1,3,-2,2,-1,1,0,-1,-1,-1,-1,-2,-1,-2,3,3,1,1,0,2,0,0,3,1,1,1,1,-1,1,1,3,1,3
"36",2,0,2,3,2,2,1,2,2,-2,-2,1,-3,-1,0,-2,-3,-2,-3,-3,-3,2,2,1,2,1,2,-1,3,3,2,2,2,2,3,3,2,3,3,2
"37",1,1,2,3,2,1,3,3,3,-3,0,-3,1,-3,-1,-3,-3,-3,-3,-3,-3,2,3,0,0,1,3,0,1,2,-3,-3,1,0,0,0,1,3,3,0
"38",2,2,2,3,2,1,1,2,3,-2,0,2,2,3,1,0,2,-2,-1,3,-1,2,3,2,0,2,3,3,2,1,2,2,2,3,3,3,3,3,2,3
"39",1,3,2,3,3,3,2,3,3,3,3,3,2,0,1,3,3,1,2,3,3,3,3,3,3,3,3,3,3,3,3,3,3,3,3,3,3,3,3,3
"40",2,0,-3,3,2,-3,1,3,2,-3,-3,-3,-3,-3,-3,-3,-3,-3,-3,-3,-3,-3,1,1,1,-3,-3,-3,-3,2,3,-3,2,1,1,2,3,3,2,3
"41",2,3,3,3,-1,3,3,3,3,-1,3,3,2,2,2,0,3,2,2,3,0,3,3,3,3,3,3,3,3,3,3,3,3,3,3,3,3,3,3,3
"42",-3,-3,-3,-3,-3,-3,-3,-3,-3,-3,-3,-3,-3,-3,-3,-3,-3,-3,-3,-3,-3,-3,-3,-3,-3,-3,-3,-3,-3,-3,-3,-3,-3,-3,-3,-3,-3,-3,-3,-3
"43",-3,-1,0,-3,-2,-3,-3,1,2,-3,-3,-3,-3,-3,-3,-3,-3,-3,-3,-3,-3,-2,3,-3,-3,-3,-1,-3,-3,-2,-3,-3,-3,-3,-1,-3,1,3,1,3
"44",-1,1,-1,0,1,0,-1,1,2,-1,-1,0,-1,0,-1,-2,0,1,0,0,0,-1,2,-2,1,1,-1,1,1,1,2,0,0,1,0,1,1,2,2,2
"45",3,3,3,3,3,3,3,3,3,3,3,3,3,3,3,3,3,1,3,3,2,3,3,3,3,3,3,3,3,3,3,3,3,3,3,3,3,3,3,3
"46",2,-1,-1,0,0,-2,-1,0,-1,1,0,0,2,-1,0,0,-2,-1,-1,0,1,0,1,-1,-1,1,0,1,0,1,-2,-1,-2,0,2,-1,0,0,0,0
"47",-1,3,1,-2,1,2,2,2,3,-2,0,0,2,-2,1,1,-1,-2,-2,-3,-2,3,-1,1,-1,2,0,0,2,0,2,0,3,2,0,0,1,2,3,2
"48",1,1,1,3,1,0,1,3,3,-3,0,-1,1,0,0,-1,2,0,-1,-2,-2,0,0,1,1,1,3,-1,-1,2,0,-2,2,-1,0,-1,1,3,2,2
"49",0,3,3,3,3,2,3,3,3,-3,0,3,2,-1,-1,-2,-3,-3,0,-1,-3,2,3,3,2,3,3,3,2,3,3,3,3,3,3,3,3,3,3,3
"50",3,-3,2,3,0,3,2,3,3,-3,-3,3,3,2,-2,-2,-3,0,-3,-3,-3,2,2,-2,3,-2,3,-3,-3,3,2,3,3,-3,0,2,3,3,3,3
"51",3,2,2,3,0,3,2,2,2,2,1,1,2,2,0,2,0,3,2,-1,3,1,3,1,3,0,1,1,3,2,1,2,1,1,1,2,1,2,3,3
"52",2,-3,1,1,1,-3,-3,3,2,-3,1,-3,-3,-2,-3,-3,-3,-3,-3,-3,-3,2,2,1,-3,-3,-2,-3,-3,-3,-3,-3,2,-3,-3,-3,2,3,2,2
"53",2,2,2,3,1,3,2,3,3,3,1,0,3,2,0,-1,1,2,1,-1,0,1,2,1,2,1,1,-1,1,1,-3,1,-1,1,1,-1,1,2,0,1
"54",-3,-3,-3,-3,-3,-3,-3,0,-3,-3,-3,-3,-3,-3,-3,-3,-3,-3,-3,-3,-3,-3,-3,-3,-3,-3,-3,-3,-3,-3,-3,-3,-3,-3,-3,-3,-3,-3,-3,-3
"55",3,-2,3,3,2,0,0,3,3,-3,2,-3,-2,-1,-3,-3,-3,-3,-3,-3,-3,3,1,2,-2,-2,1,-3,-1,-2,-2,-2,2,-2,1,-2,3,3,1,0
"56",1,3,3,3,-1,1,3,3,3,-3,0,0,0,-2,-2,-3,-3,-2,-3,-3,-3,-2,3,0,2,0,3,3,3,0,3,3,1,0,0,3,3,3,3,3
"57",-3,-1,0,0,-3,-3,0,0,3,-3,-3,-3,-3,-3,-3,-3,-3,-3,-3,-3,-3,-3,-3,-3,-3,-3,-3,-3,-3,-3,-3,-3,-3,-3,-3,-3,-3,-3,-3,-3
"58",1,1,1,3,3,-1,3,2,3,0,2,-3,-3,0,0,1,1,-2,-3,-3,-3,0,3,3,-3,1,1,1,1,-1,-2,-1,2,-1,1,2,3,3,2,3
"59",1,0,-1,2,-1,0,1,2,1,-2,-2,-2,0,-1,-1,-2,-2,-2,-2,-2,-2,1,-1,2,0,-1,-1,-1,-1,1,-1,-1,1,-1,-1,0,2,1,1,0
"60",-3,-3,-3,-3,-3,-3,-3,1,-3,-3,-3,-3,-3,-3,-3,-3,-3,-3,-3,-3,-3,-3,-3,-3,-3,-3,2,3,-3,-3,-3,-3,-3,3,2,-1,3,3,3,3
"61",-1,1,1,3,-1,1,0,1,1,-2,-1,-1,-1,-2,-1,1,1,0,-1,0,-2,1,0,1,0,0,1,1,2,3,1,1,0,0,0,3,1,3,2,2
"62",-3,-3,-3,-3,-3,-3,-3,-3,-3,-3,-3,-3,-3,-3,-3,-3,-3,-3,-3,-3,-3,-3,-3,-3,-3,-3,-3,-3,-3,-3,-3,-3,-3,-3,-3,-3,-3,-3,-3,-3
"63",-3,-3,-3,-3,-3,-3,-3,-3,-3,-3,-3,-3,-3,-3,-3,-3,-3,-3,-3,-3,-3,-3,-3,-3,-3,-3,-3,-3,-3,-3,-3,-3,-3,-3,-3,-3,-3,-3,-3,-3
"64",2,3,3,3,3,3,3,3,3,0,0,3,2,3,3,2,0,3,2,2,-2,2,1,3,3,3,2,2,2,3,2,3,3,3,3,3,3,3,3,3
"65",3,3,3,3,3,3,3,3,3,3,3,3,3,3,3,3,3,3,3,3,3,3,3,3,3,3,3,3,3,3,3,3,3,3,3,3,3,3,3,3
"66",3,-3,-3,3,-3,-3,3,3,3,-3,-3,-3,-3,-3,-3,-3,-3,-3,-3,-3,-3,-3,3,-3,2,-3,3,-3,-3,3,-3,-3,3,-3,3,2,3,3,3,3
"67",-2,1,1,3,1,1,0,3,3,-3,3,1,1,-1,-1,-1,-1,-1,-1,-1,-1,1,3,1,1,0,3,-1,1,-1,1,1,1,-1,1,1,3,3,1,3
"68",-1,1,2,3,2,3,2,3,2,-2,1,3,-2,-1,-1,0,-3,-1,1,-2,-1,1,3,0,1,2,3,1,2,1,2,1,2,3,2,2,2,3,3,3
"69",-3,-3,-3,-3,-3,-3,-3,-3,-3,-3,-3,-3,-3,-3,-3,-3,-3,-3,-3,-3,-3,-3,-3,-3,-3,-3,-3,-3,-3,-3,-3,-3,-3,-3,-3,-3,-3,-3,-3,-3
"70",-3,-3,1,0,-3,0,-3,-3,-1,-3,-3,-3,-3,-3,-3,-3,-3,-3,-3,-3,-3,-2,-3,2,-1,-3,-3,-3,-3,-1,-3,-3,-3,-3,0,-3,0,2,-1,-1
"71",2,3,2,3,3,3,2,3,3,2,2,3,2,1,2,2,0,-2,0,-2,0,2,3,3,2,3,2,2,3,1,2,2,-2,2,2,3,3,3,3,3
"72",-3,-3,-3,-3,-3,-3,-3,0,-3,-3,-3,-3,-3,-3,-3,-3,-3,-3,-2,-3,-3,-3,-3,-3,-3,-3,-3,-1,-3,-2,-3,-3,-3,-1,-3,-3,-3,-3,-3,-1
"73",2,3,2,3,3,3,1,3,3,-3,-1,3,-3,1,1,-1,-1,-3,1,1,-3,1,3,-2,3,2,3,0,3,1,3,1,3,2,3,3,2,3,3,3
"74",3,3,3,3,3,3,3,3,3,-3,3,3,3,3,3,3,3,3,3,3,3,3,3,3,3,3,3,3,3,3,3,3,3,3,3,3,3,3,3,3
"75",-3,-3,-3,-3,-3,-3,-3,-3,3,3,-3,-3,-3,-3,-3,-3,-3,-3,-3,-3,-3,-3,-3,-3,-3,-3,-3,-3,-3,-3,-3,-3,-3,-3,-3,-3,-3,-3,-3,-3
"76",0,2,2,2,-2,0,0,2,3,0,2,0,1,-1,1,0,1,0,1,0,0,2,2,2,3,2,3,1,3,2,3,2,3,2,0,2,3,3,3,3
"77",-3,-3,-3,-2,-3,-3,-3,0,0,-3,0,-3,-3,-3,-3,-3,-3,-3,-3,-3,-3,-3,-3,-3,0,-3,0,-3,-3,-3,-1,-3,-2,-3,-3,-3,-3,1,-3,0
"78",3,-1,-1,2,2,0,3,3,3,-2,-1,-3,-1,-2,-1,-3,-3,-3,-3,-3,-3,2,3,-2,3,-2,3,-2,-3,1,-2,-3,-1,-3,-1,-1,0,3,0,3
"79",0,2,3,3,-2,2,3,1,3,-3,2,-3,0,-2,-2,1,2,-1,-3,-3,-3,0,3,3,0,-1,3,1,3,0,-2,3,3,2,-1,2,3,3,3,3
"80",1,3,-1,3,0,1,2,2,2,-1,-2,-2,-2,-3,-2,-3,0,-3,-3,-3,-3,2,2,0,3,2,3,1,1,2,2,2,2,2,2,2,1,3,2,3
"81",0,-1,0,1,-1,-1,-1,1,0,0,0,0,-1,-1,1,-1,0,0,-1,0,-1,-1,-1,0,-1,-1,0,-1,0,0,1,0,0,0,-1,0,0,1,0,-1
"82",3,1,3,3,0,0,2,1,3,-3,1,3,1,1,-1,3,0,-1,1,1,-1,1,3,1,1,1,1,1,3,3,1,3,3,3,3,3,3,3,3,3
"83",-3,-3,-3,0,-3,0,0,-3,0,0,-3,-3,-3,-3,-3,-3,-3,-3,-3,-3,-3,-3,-3,-3,-3,-3,-3,-3,-3,-3,-3,-3,-3,-3,-3,-3,-3,-3,-3,-3
"84",-3,-3,-3,-3,-3,-3,-3,-1,-1,-3,-2,-3,-3,-3,-3,-3,-3,-3,-3,-3,-3,-3,-2,-3,1,-3,-3,0,-3,-3,-1,-3,-3,-3,-3,-3,-3,-1,-2,1
"85",-3,-3,-2,-1,-3,0,-3,-1,2,-3,-3,-3,-3,-3,-2,-3,-3,-3,-3,-3,-3,-1,-2,0,-3,-2,-3,-3,-3,-3,-3,-2,1,-3,-2,0,0,3,0,3
"86",0,0,2,-1,1,-1,2,3,2,-2,-2,-2,-2,-1,-3,-3,-3,-3,-3,-3,-2,0,2,-2,-2,-2,-2,-3,-3,-1,-3,-3,0,-3,-2,-2,-2,2,-2,-1
"87",-2,2,-1,3,-2,-2,1,2,3,-3,-2,-2,0,-3,-2,-1,0,-3,1,0,0,0,2,-2,1,3,3,3,2,1,2,3,3,3,-2,3,1,1,2,2
"88",2,1,3,3,3,2,1,3,3,-2,2,-1,2,1,1,-1,-2,-1,-2,-2,-1,2,1,2,3,1,3,0,1,2,3,3,3,3,3,3,3,3,3,3
"89",1,3,3,3,1,3,3,3,3,-2,0,3,2,1,1,3,0,1,3,2,1,3,3,3,3,3,3,3,3,3,3,3,3,3,3,3,3,3,3,3
"90",2,2,0,3,-2,2,0,3,1,-3,-3,1,-3,-3,0,0,-3,-3,-3,-3,-3,-3,3,0,2,2,-2,1,3,-1,-3,1,3,2,-3,1,3,3,3,3
"91",-3,-3,-3,-3,-3,-3,-3,-3,-3,-3,-3,-3,-3,-3,-3,-3,-3,-3,-3,-3,-3,-3,-3,-3,-3,-3,-3,-3,-3,-3,-3,-3,-3,-3,-3,-3,-3,-3,-3,-3
"92",-3,-3,-3,-3,-3,-3,-3,-3,-3,2,-3,-3,-3,-3,-3,-3,-3,-3,-3,-3,-3,-3,-3,-3,-3,-3,-3,-3,-3,-3,-3,-3,-3,-3,-3,-3,-3,-3,-3,-3
"93",-3,-3,-3,-3,-3,-3,-3,-1,-1,-3,-3,-3,-3,-3,-3,-3,-3,-3,-3,-3,-3,-3,-3,-3,-3,-3,-3,-3,-3,-3,-3,-3,-2,-3,-3,-3,-3,-3,-3,-1
"94",-3,1,-3,1,3,3,1,3,3,3,-3,-3,-3,-3,-3,-3,-3,-3,-3,-3,-3,-3,-3,-3,-3,-2,-3,-3,-3,-3,-3,-3,-3,-3,-3,-3,-3,-3,-3,-3
"95",1,3,2,3,2,1,1,3,3,-2,-3,0,-2,-1,-1,1,-1,0,0,1,-3,2,3,2,-1,3,3,3,2,3,3,3,3,3,3,3,3,3,3,3
"96",3,3,0,3,2,1,3,2,3,0,1,2,-3,1,-2,-3,-2,-3,-3,-3,-3,2,3,-2,-1,2,1,0,1,3,0,0,1,1,1,1,3,3,3,3
"97",1,0,1,2,1,2,1,2,2,-2,3,1,1,0,1,1,0,-1,2,1,-2,3,-3,1,0,1,3,1,-1,-1,-3,3,1,-1,0,-3,3,0,3,3
"98",0,-1,2,3,2,0,1,2,2,-1,-1,-1,-2,-2,-1,1,-2,0,-2,-1,-3,1,1,2,0,0,-2,2,2,1,-1,1,3,-1,2,2,3,2,0,2
"99",-3,-1,3,3,3,-1,-2,3,3,-3,-3,-3,-3,-3,-3,-3,-3,-3,-3,-3,-3,1,3,2,-3,-2,3,-3,1,-1,-2,0,3,-3,3,-1,3,3,3,3
"100",2,1,3,3,1,3,3,3,3,-3,1,-1,3,-3,-3,-3,-3,-3,-3,-3,-3,2,3,1,1,2,-3,2,2,3,2,2,3,1,2,2,3,3,3,3
"101",-3,0,-3,1,-3,-3,0,1,1,-2,-3,-3,-3,-2,-3,-3,-3,-3,-3,-3,-3,-3,-3,-3,-3,-3,-3,-3,-3,-3,-2,-3,-2,-3,-3,-3,-3,-3,-2,-3
"102",-2,2,2,3,3,2,3,2,2,2,1,1,1,2,2,2,2,2,0,2,2,1,2,1,2,2,3,2,2,3,2,3,3,2,2,2,3,2,2,3
"103",3,0,2,3,3,0,3,-1,3,-3,1,-1,-2,1,-3,0,-3,-3,-1,-3,-3,3,3,3,0,3,3,-1,1,3,-3,-1,-1,-1,0,3,3,3,3,3
"104",-3,-2,3,3,3,-1,3,3,3,-3,-2,-3,-2,-2,-3,0,-3,-2,-3,-3,-3,-2,2,3,-2,1,-1,-2,3,1,-3,0,3,1,3,1,2,1,2,3
"105",-2,-3,-3,-3,-3,-1,-2,-3,-3,3,-1,-3,-3,-3,-3,-3,-3,-3,-3,-3,-3,-3,-3,-3,-3,-3,-3,-3,-3,-3,-3,-3,-3,-3,-3,-3,-3,-3,-3,-3
"106",2,-3,2,3,-3,-3,3,3,3,-3,-3,-3,-3,-3,-3,-3,-3,-3,-3,-3,-3,-3,3,1,2,-3,1,-3,-3,-3,-3,-3,2,-3,2,-3,2,3,2,2
"107",0,3,-3,3,3,3,0,3,3,3,-3,-3,-3,-3,-3,-3,-3,-3,-3,-3,-3,-3,1,-3,-3,-3,-3,-3,-3,-3,-3,-3,-3,-3,-3,-3,-3,-3,-3,-3
"108",0,0,-2,-2,-1,1,-1,3,1,-2,-3,-2,-1,-1,-2,-2,-2,-2,-2,-2,-3,0,2,2,-2,-1,-2,-1,1,0,0,0,1,-1,0,1,1,2,-2,2
"109",-3,-3,-3,-3,-3,-3,-3,-1,0,-3,-3,-1,-3,-3,-1,-3,-3,0,-3,-3,0,-2,-1,-3,0,-3,-3,0,-3,-2,-1,-3,-3,-3,-3,-3,-2,-1,-3,0
"110",-3,0,-1,2,-3,-2,-1,3,3,-3,-3,-3,-3,-3,-3,-3,-3,-3,-3,-3,-3,-3,3,-3,-2,-1,3,0,3,-3,3,3,-1,3,3,3,3,3,3,3
"111",-1,1,1,1,1,1,1,2,2,0,1,1,-1,0,1,0,-1,1,0,-1,0,1,2,-1,2,1,0,0,1,1,1,1,0,1,-1,0,1,1,2,2
"112",2,0,0,3,3,2,3,3,3,-1,-3,1,-1,-1,-2,0,-2,-3,-3,-3,-2,0,3,-1,0,0,0,1,3,3,3,1,3,3,3,3,3,3,3,3
"113",3,3,3,3,3,3,3,3,3,3,-3,-3,2,3,-3,-3,-3,3,-3,-3,3,-3,3,-3,3,-2,3,-3,-3,-3,-3,-3,-3,-3,-3,-3,-3,-3,-3,-3
"114",-3,-3,-3,-3,-3,-3,-3,-3,-3,0,-3,-3,-3,-3,-3,-3,-3,-3,-3,-3,-3,-3,-3,-3,-3,-3,-3,-3,-3,-3,-3,-3,-3,-3,-3,-3,-3,-3,-3,-3
"115",2,3,3,3,2,3,1,1,2,0,1,3,2,2,2,3,2,3,3,3,2,3,2,3,3,3,3,3,3,3,3,3,3,3,3,3,3,3,3,3
"116",1,3,3,3,0,2,2,3,3,-1,2,0,1,-1,1,1,0,1,1,1,2,1,3,1,3,3,3,1,1,1,3,3,3,3,3,3,3,3,3,3
"117",0,3,1,3,1,2,0,3,3,-2,1,2,0,0,-1,-2,-2,0,-1,0,1,3,3,1,1,2,2,2,2,3,3,3,2,3,3,3,3,3,3,3
"118",1,2,2,3,-2,1,2,3,3,-3,1,1,0,1,-1,0,-2,0,-1,0,-3,1,3,2,2,2,3,0,1,2,1,2,2,2,2,2,2,3,3,3
"119",-1,3,3,3,2,2,2,3,3,1,1,0,-1,-2,1,-1,-2,-1,-1,-1,1,-1,3,0,3,1,2,2,-1,1,2,3,2,2,1,2,2,3,-2,-2
"120",-3,-3,-2,-3,-3,-3,-3,-1,-3,-3,-3,-3,-3,-3,-3,-3,-3,-3,-3,-3,-3,-2,-3,-3,-3,-3,-3,-3,-3,-3,-3,-3,-3,-3,-3,-3,-3,-1,-3,-3
"121",0,1,2,0,0,3,1,1,3,3,-3,-3,-3,0,-3,-3,-3,-3,-3,-3,-3,-3,-3,-3,-3,-3,-3,-3,-3,-3,-3,-3,-3,-3,-3,-3,-3,-3,-3,-3
"122",-1,2,2,3,3,0,2,3,3,-3,-3,-3,0,-3,-3,-3,-3,-3,-3,-3,-3,1,2,0,-2,-1,-2,-3,2,3,3,-3,-1,-3,3,2,3,3,3,3
"123",3,3,3,3,3,3,3,3,3,3,3,3,3,3,3,3,3,3,3,3,3,3,3,3,3,3,3,3,3,3,3,3,3,3,3,3,3,3,3,3
"124",-3,-3,-3,-1,-3,-3,-3,-3,0,-3,-3,-3,-3,-3,-3,-3,-3,-3,-3,-3,-3,-1,-3,-3,-3,-3,1,-3,-3,-3,-3,-3,-3,-3,-1,-2,-3,0,-3,-3
"125",-3,2,1,3,3,3,2,3,3,3,-2,-3,2,0,-3,-3,-3,-3,-3,-3,-3,2,3,0,-3,-2,-3,-3,-3,-3,-3,-3,-3,-3,-3,-3,-3,-3,-3,-3
"126",-3,3,-1,3,-2,0,3,1,3,-3,-3,-3,-3,-3,-3,-3,-3,-3,-3,-3,-3,-3,0,-3,-3,1,1,-3,1,-3,0,-3,-1,-2,-1,-2,2,3,2,3
"127",-1,1,1,2,0,1,1,-1,0,1,1,2,0,0,1,0,0,0,-1,1,0,0,1,-1,0,1,0,0,2,0,1,0,1,0,1,1,2,1,2,2
"128",-3,0,-2,3,-1,0,0,2,2,-3,-3,0,-2,-3,-2,-2,-3,-3,-3,-3,-3,-1,-1,-2,0,-1,-3,-2,2,-1,0,0,0,0,1,0,0,3,2,2
"129",-3,-3,-3,-3,-3,-3,-3,-2,-3,-3,-3,-3,-3,-3,-3,-3,-3,-3,-3,-3,-3,-3,-3,-3,-3,-3,-3,-3,-3,-3,-3,-3,-3,-3,-3,-3,-3,-2,-3,-2
"130",-3,-3,-3,-3,-3,-3,-3,-3,-3,-3,-3,-3,-3,-3,-3,-3,-3,-3,-3,-3,-3,-3,-3,-3,-3,-3,-3,-3,-3,-3,-3,-3,-3,-3,-3,-3,-3,-3,-3,-3
"131",-2,3,1,3,-2,3,3,3,3,-3,-3,1,-2,-3,-3,-3,-3,-1,-3,-3,-3,-3,3,0,1,3,2,0,2,-2,3,2,2,2,3,2,3,3,3,3
"132",2,3,2,3,3,2,2,3,3,-1,2,2,0,-2,-1,2,-2,-1,-2,0,-1,2,2,2,2,2,2,1,0,2,2,2,2,2,0,2,2,3,3,3
"133",-3,3,3,3,1,2,1,3,3,-3,3,-1,-1,-2,-2,-2,-3,-2,-3,-2,-3,-1,3,-1,3,-1,3,-1,3,-2,-2,-1,-3,-2,-1,2,3,3,3,3
"134",0,-3,-1,-2,-2,-1,-1,0,-1,-2,-2,-3,-2,-2,-3,-3,-3,-3,-3,-3,-2,-2,-1,-1,-2,-3,-2,-3,-3,-1,-3,-3,-2,-3,-3,-3,-3,-1,-3,-1
"135",2,-1,-1,2,1,2,1,1,2,1,1,1,2,-1,1,1,1,1,0,1,1,0,1,-1,1,-1,1,-1,0,2,1,1,0,0,0,0,1,1,-1,0
"136",1,2,1,3,3,2,3,3,3,-2,1,-1,1,0,1,-3,-3,-2,-1,-3,0,1,3,1,3,1,3,0,3,0,3,1,1,0,3,3,3,3,3,3
"137",2,2,3,3,2,3,2,3,2,3,2,3,2,2,2,2,3,3,2,2,2,2,3,2,3,3,3,2,3,3,2,3,3,2,2,2,2,2,2,3
"138",0,1,0,3,3,1,1,3,3,-3,0,0,0,-2,-2,-1,-2,-1,-3,-2,-1,1,3,0,0,0,2,0,0,-1,1,-1,0,0,0,1,3,3,2,3
"139",0,1,-2,1,2,0,1,2,2,-3,-2,-3,-2,-3,-2,-2,-2,-3,-3,-3,-3,-1,1,1,0,1,3,2,-3,1,1,2,2,1,2,1,2,3,3,3
"140",0,3,2,3,2,3,3,3,3,-1,2,3,1,-1,1,2,0,-1,3,0,0,2,3,2,3,3,3,2,3,2,2,3,2,3,2,2,3,3,3,3
"141",-2,3,-2,1,-2,-1,2,0,3,-3,-3,1,-3,-3,-1,-3,-3,-3,-2,-3,-3,-3,2,2,3,3,-1,-2,1,3,2,-1,0,2,2,3,3,3,3,3
"142",-1,-1,0,2,-1,1,0,2,3,-1,-2,1,-1,1,-1,2,-1,-1,-1,-1,0,1,3,2,2,1,2,1,1,2,1,1,1,2,2,1,0,2,2,1
"143",-3,-3,-3,-3,-3,-3,-3,-3,-3,-3,-3,-3,-3,-3,-3,-3,-3,-3,-3,-3,-3,-3,-3,-3,-3,-3,-3,-3,-3,-3,-3,-3,-3,-3,-3,-3,-3,-3,-3,-3
"144",2,1,2,3,1,1,3,2,3,-3,0,-2,-1,-2,0,-2,-3,-2,-3,-2,-1,1,1,3,-1,1,2,2,2,1,-3,0,2,2,2,2,2,3,2,3
"145",2,2,3,3,1,3,3,3,3,-1,1,2,1,0,0,2,0,1,-1,0,0,2,3,1,1,3,2,2,2,2,1,2,2,2,1,2,3,3,2,3
"146",-3,-2,-3,-2,-3,1,-3,-3,3,3,-3,-3,1,-3,-3,-3,-3,-3,-3,-3,-3,-3,-3,-3,-3,-3,-3,-3,-3,-3,-3,-3,-3,-3,-3,-3,-3,-3,-3,-3
"147",3,0,3,0,0,3,3,0,0,-3,3,-3,0,-3,0,3,-3,3,-3,-3,3,3,-3,3,3,3,3,3,-3,3,-3,3,3,3,3,3,3,3,0,-3
"148",-3,-3,-3,-3,-3,-2,-3,-1,-1,-3,-3,-3,-3,-3,-3,-3,-3,-3,-3,-3,-3,-3,-3,-3,-3,-3,-1,-3,-3,-3,0,-1,-3,-2,-2,-3,-3,1,-3,-3
"149",2,0,0,3,2,0,1,2,3,-3,0,-3,-3,-2,-2,-2,-3,-3,-3,-3,-3,0,-2,-2,0,0,0,-2,1,0,0,-1,0,0,-1,0,1,3,2,3
"150",-3,-2,2,0,0,3,3,3,3,3,-1,-3,0,-2,3,-3,-3,-2,-3,-3,-3,-3,-3,-3,-3,0,-3,-3,-3,-3,-3,-3,-3,-3,-3,-3,-3,-3,-3,-3
"151",-1,2,0,3,-2,-2,0,2,3,-3,1,0,-1,-1,0,-1,-2,-1,-2,-2,-2,-1,3,0,-1,1,-2,1,-2,-1,0,1,1,2,-1,2,0,3,2,2
"152",-3,-3,-3,-3,-3,-3,-3,-1,-2,-2,-3,-3,-3,-3,-3,-3,-3,-3,-3,-3,-3,-3,-3,-3,-3,-3,-3,-3,-3,-3,-3,-3,-3,-3,-3,-3,-3,-3,-3,-3
"153",3,3,3,3,3,3,3,3,3,3,3,3,3,3,3,3,3,3,2,3,3,3,3,3,3,0,3,3,3,2,3,3,3,3,3,3,3,3,3,3
"154",-3,-3,-3,-3,-3,-3,-3,-3,-3,-3,-3,-3,-3,-3,-3,-3,-3,-3,-3,-3,-3,-3,-3,-3,-3,-3,-3,-3,-3,-3,-3,-3,-3,-3,-3,-3,-3,-3,-3,-3
"155",3,2,3,3,3,2,3,2,3,-2,3,-2,1,1,1,1,2,1,-3,-2,0,3,3,3,3,2,3,1,3,3,2,2,3,2,1,2,3,3,3,3
"156",3,1,1,3,3,3,2,3,3,-2,3,3,3,1,3,3,1,3,-1,-1,0,3,3,3,2,3,3,-2,3,3,3,3,3,3,3,3,3,3,3,3
"157",-3,-2,-3,-1,-2,-1,-3,-2,-3,-3,-2,-2,-3,-2,-3,-3,-3,-2,-2,-3,-2,-2,-3,-3,-3,-3,-2,-3,-2,-2,-3,-3,-3,-3,-2,-3,-3,-3,-3,-3
"158",2,0,0,1,2,0,2,3,2,-2,-1,-1,-2,-1,-2,-1,-2,-2,-3,-3,-3,2,-3,1,-2,-2,1,0,0,2,2,-1,1,0,1,1,3,3,3,2
"159",3,3,2,3,3,3,3,3,3,-2,0,3,0,1,3,0,3,-1,-1,-1,-2,3,3,1,0,3,1,3,3,3,3,3,2,3,3,3,3,3,3,3
"160",0,1,0,2,-2,1,1,0,1,-3,-1,-2,-1,1,-1,-2,-2,-1,-2,-1,-2,1,3,0,-2,0,0,2,-2,1,-3,1,-1,1,1,0,1,1,2,2
"161",-2,2,0,3,2,0,1,3,3,-2,0,0,-2,-2,-2,-3,-3,-3,-3,-3,-3,-2,3,0,0,-1,0,1,1,-2,3,1,0,1,0,3,1,3,3,3
"162",-1,-2,0,1,-1,0,-1,1,0,-2,-3,-2,-2,-3,-2,-3,-3,-3,-3,-3,-3,0,0,-1,-2,-1,-3,-3,-3,-2,-3,-2,-3,-2,-3,-1,-1,1,-1,-1
"163",2,2,3,3,3,2,3,3,3,3,3,3,2,2,3,3,2,2,2,2,2,3,3,2,3,3,2,3,2,3,3,2,3,2,3,2,2,3,2,3
"164",-2,-1,-3,-3,-3,1,-3,0,1,-3,-3,2,-2,-3,-3,-1,-3,-2,-3,-3,1,-1,0,0,1,2,-2,-3,-3,-3,-2,-1,-1,-2,1,-3,1,0,-2,2
"165",0,-3,-3,-3,-3,-3,-3,0,-3,-3,-3,-3,-3,-3,-3,-3,-3,-3,-3,-3,-3,-3,-3,-3,-3,-3,-3,-3,-3,-3,-3,-3,-3,-3,-3,-3,-3,-2,-1,-3
"166",-3,1,0,2,2,2,0,2,3,3,0,-3,-3,-3,-3,-3,-3,-3,-3,-3,-3,-3,1,-3,-3,-3,-3,-3,-3,-3,-3,-3,-3,-3,-3,-3,-3,-3,-3,-3
"167",-3,-3,-3,-3,-3,-3,-3,-3,-3,-3,-3,-3,-3,-3,-3,-3,-3,-3,-3,-3,-3,-3,-3,-3,-3,-3,-3,-3,-3,-3,-3,-3,-3,-3,-3,-3,-3,-3,-3,1
"168",-3,-3,-2,-2,-3,-3,-3,1,0,-3,-2,-2,-3,-3,-3,-3,-3,-3,-3,-3,-3,-2,-3,2,-2,-3,-1,-3,-3,-3,1,-2,0,-2,-1,-2,-2,2,2,3
"169",0,0,0,0,0,3,2,0,3,3,-2,-3,0,-3,-2,-3,-3,-3,-3,-3,-3,-2,-3,-3,-3,-3,-3,-3,-3,-3,-3,-3,-3,-3,-3,-3,-3,-3,-3,-3
"170",-1,3,1,3,2,2,2,2,3,-1,1,1,-1,-1,1,1,0,-1,2,3,-1,0,2,0,1,2,2,-2,2,1,3,3,3,3,3,3,3,3,3,3
"171",0,0,0,0,-3,0,1,3,3,3,-3,-3,-3,-3,-1,-3,-3,-3,-3,-3,-3,-3,3,-3,-3,-3,-3,-3,-3,-3,-3,-3,-3,-3,-3,-3,-3,-3,-3,-3
"172",-3,-3,-3,-3,-3,-3,-3,3,-3,-3,-3,-3,-3,-3,-3,-3,-3,-3,-3,-3,-3,-3,-3,-3,-3,-3,-3,-3,-3,-3,-3,-3,-3,-3,-3,-3,-3,-3,-3,-3
"173",1,2,2,3,1,-2,1,3,3,-2,-3,-2,-1,-2,-2,-1,-2,-3,-2,-2,-3,1,3,-3,-2,0,3,-2,2,2,1,-2,-1,2,1,2,3,3,2,3
"174",-2,-3,-2,0,-3,-2,0,1,-1,-3,-3,-3,-3,-3,-3,-3,-3,-3,-3,-3,-3,-3,0,-3,-3,-3,-3,-3,-2,0,-3,-3,-3,-3,-3,-3,0,3,1,-2
"175",0,0,0,-1,1,0,-1,3,0,1,1,0,0,0,0,-1,0,0,-2,-2,0,0,-2,0,0,1,0,0,0,-1,1,-1,1,-1,1,0,-1,-2,1,0
"176",1,1,2,0,0,2,2,2,2,1,0,1,0,-1,-1,0,-1,0,-2,-1,-1,-2,0,1,1,1,0,-2,0,0,0,0,1,0,0,0,2,3,1,2
"177",-2,3,3,3,0,1,0,3,3,-3,-1,1,-2,1,2,-1,1,2,0,0,-3,2,3,0,0,1,3,3,2,-1,-1,3,2,1,1,1,2,3,2,3
"178",0,1,2,0,2,0,0,1,3,-1,1,-2,1,0,-1,-1,-1,2,-1,-1,0,0,1,-2,1,0,0,0,2,0,2,1,1,0,2,0,-1,3,1,1
"179",1,2,-3,3,1,3,3,2,3,-3,-1,3,-2,-2,1,0,1,-3,-1,1,-3,0,2,1,2,2,2,2,3,2,-3,1,3,3,2,3,3,3,3,3
"180",3,2,2,1,0,2,2,2,2,2,1,2,1,2,-1,0,0,-1,-1,-1,-1,0,2,0,0,2,1,1,1,2,2,1,2,2,2,2,2,3,2,3
"181",0,0,0,1,2,0,0,1,0,0,1,1,0,2,1,1,1,1,0,0,0,0,0,1,0,1,1,1,1,-1,1,1,2,-1,1,0,0,0,-1,2
"182",1,2,3,-1,-2,-2,2,2,3,-3,-3,-3,-3,-3,-3,-3,-3,-3,-3,-3,-3,1,-3,-3,-1,-3,2,3,-3,-2,-3,2,2,2,3,-1,2,2,1,2
"183",-3,3,-3,3,-1,-2,-1,-3,2,2,0,-3,-2,-3,-3,2,-3,-3,-3,-3,-3,-3,0,2,2,3,3,3,0,2,-1,3,3,3,2,3,-2,3,2,3
"184",-3,2,3,3,3,2,1,3,3,-3,-2,-3,-2,-3,-2,-3,-3,-3,-3,-3,-3,3,3,0,0,1,-2,-3,-3,-1,3,-2,2,-2,3,3,3,3,3,3
"185",-2,1,-1,1,-3,0,-1,1,2,-3,-3,0,-2,-3,-3,-3,-3,-2,-3,-3,-3,1,1,-1,-1,-2,-1,-1,0,0,1,1,0,0,0,0,0,3,0,1
"186",0,-2,-1,2,1,-1,1,2,3,-3,-1,-2,-3,-2,-2,-2,-2,-2,-3,-2,-2,-2,2,0,1,-1,2,-2,-2,1,-1,-1,0,-1,1,2,2,3,2,2
"187",2,-2,0,3,1,-1,1,0,3,-3,-2,-2,-3,-3,-3,-3,-3,-3,-3,-2,-3,-1,-1,-1,1,-3,-2,-1,0,-2,-3,-3,1,-3,0,-1,3,3,-1,2
"188",-1,2,3,2,1,2,2,2,2,1,0,1,0,0,0,0,-1,1,1,1,-1,0,2,1,2,3,0,1,2,1,1,1,1,1,1,3,1,3,1,3
"189",-3,-3,-3,-3,-3,-3,-3,-3,-3,-3,-3,-3,-3,-3,-3,-3,-3,-3,-3,-3,-3,-3,-3,-3,-3,-3,-3,-3,-3,-3,-3,-3,-3,-3,-3,-3,-3,-3,-3,-3
"190",-3,-3,-3,-3,-3,-3,-3,-3,-3,-3,-3,-3,-3,-3,-3,-3,-3,-3,-3,-3,-3,-3,-3,-3,-3,-3,-3,-3,-3,-3,-3,-3,-3,-3,-3,-3,-3,-3,-3,-3
"191",2,3,3,3,3,3,3,3,3,-2,3,3,3,3,3,3,3,3,3,3,0,3,3,3,3,3,3,3,3,3,3,3,3,3,3,3,3,3,3,3
"192",-3,-3,-2,-3,-3,-2,-1,-3,0,-2,-2,-3,-2,-2,-1,-3,-2,-3,-3,-2,1,-3,-2,-3,-2,-1,-2,-3,-3,-2,-3,-3,0,-3,0,-3,-3,-1,-1,-2
"193",-3,-2,-3,-3,-3,-1,-3,1,1,-3,-3,-3,-3,-3,-1,-3,-3,-3,-3,-3,-3,-3,1,-3,-1,-2,-3,-3,-3,-3,-3,-3,-3,-3,-3,-3,-3,-3,-3,0
"194",-3,-1,-3,3,1,-3,-1,3,3,-3,-3,-3,-3,-3,-3,-3,-3,-3,-3,-3,-3,-1,3,-3,-1,0,3,3,-2,2,3,3,3,3,3,3,3,3,3,3
"195",-3,-3,-3,-3,3,-3,-3,3,3,-3,-3,-3,-3,-3,-3,-3,-3,-3,-3,-3,-3,-3,-3,2,-3,-3,3,-3,-3,-3,-3,-3,3,-3,-3,-3,2,3,-3,-3
"196",-1,-1,1,-1,0,2,-1,0,0,-2,0,0,-2,0,0,0,-2,-1,-1,-1,-2,-1,3,1,1,1,0,2,2,2,1,2,1,2,2,0,1,3,2,3
"197",0,3,3,3,0,1,2,2,3,-3,0,3,1,2,0,1,2,0,-2,0,0,3,1,0,0,1,3,0,-1,3,3,3,3,0,3,3,3,3,3,3
"198",-3,2,-3,-3,-3,-1,-1,-1,-1,2,-3,-3,-3,-3,-3,-3,-3,-3,-3,-3,-3,-3,-3,-3,-3,-3,-3,-3,-3,-3,-3,-3,-1,-3,-3,-3,-3,-3,-3,-3
"199",3,2,3,3,3,2,2,3,3,-1,2,2,-1,1,0,1,2,-1,-2,-3,-1,3,3,3,1,3,3,1,2,2,3,2,3,2,2,3,3,3,3,3
"200",0,2,1,3,3,1,2,3,2,-3,1,-1,1,0,0,0,-2,1,-1,-1,-1,0,2,0,3,3,1,0,2,-1,2,2,1,1,2,3,1,3,3,3
"201",1,-1,-1,-1,-1,1,2,-2,-1,-2,1,2,3,2,1,2,0,2,-1,-1,2,2,1,2,2,2,2,1,2,2,2,2,2,3,2,1,2,3,2,-1
"202",1,1,2,2,0,1,1,1,2,0,0,-1,0,0,0,0,0,1,-1,0,-1,0,2,1,2,0,2,1,0,1,2,2,1,1,-1,0,2,2,2,2
"203",1,1,-1,1,-2,1,1,-1,2,-3,0,-3,-1,-1,0,1,1,1,1,-2,-1,0,1,1,3,3,0,1,2,0,3,3,2,3,3,3,3,3,3,3
"204",-1,-2,-1,-1,0,-1,0,0,1,-3,-3,-2,-2,-2,-3,-2,-2,-3,-2,-3,-3,-2,0,-2,-2,-2,-2,-3,-1,-2,-2,-2,-1,-2,-2,-1,0,1,1,0
"205",2,2,2,0,1,2,2,1,-1,0,0,2,1,0,1,2,1,-1,2,2,2,2,-2,2,2,2,2,2,2,3,2,2,1,2,2,1,2,2,2,2
"206",-2,1,-1,2,-1,-1,-1,1,0,-3,-3,-1,-2,-1,0,-1,-2,-2,-1,-2,-2,2,-1,-2,0,-1,1,0,1,2,1,2,2,2,0,1,3,0,0,2
"207",-3,0,0,3,0,-1,-1,2,2,-3,0,0,-2,-3,-1,-2,-3,-3,-3,-3,-3,-2,1,-1,-1,-2,0,-1,0,-1,2,0,0,0,0,-1,1,2,2,2
"208",3,3,3,3,3,3,3,3,3,-3,3,3,3,0,3,3,-3,3,-3,0,0,3,3,3,3,3,3,3,3,3,3,3,3,3,3,3,3,3,3,3
"209",1,2,-3,3,-1,0,3,-2,3,-3,-2,0,-2,-2,1,-2,-2,-2,-1,-1,-1,-1,-1,-3,-2,-1,0,2,2,-1,-2,2,2,2,1,1,-2,3,1,3
"210",-2,3,3,3,3,3,3,3,3,-2,2,2,-1,1,-1,-1,-1,-2,-1,-2,-2,3,3,3,0,0,3,1,3,3,3,2,3,1,3,3,3,3,3,3
"211",0,2,3,3,0,0,0,3,3,-3,0,-1,0,-2,0,-3,-3,0,-3,-3,-3,0,3,0,-1,0,0,-1,0,3,0,3,3,1,3,3,3,3,3,3
"212",3,1,1,1,1,2,-3,1,1,0,3,-2,1,1,0,0,-1,1,0,1,1,0,-2,2,1,2,1,3,0,1,0,1,2,1,1,2,-3,1,0,1
"213",2,2,2,2,2,2,2,2,2,2,1,-2,2,2,1,-1,-2,2,-2,0,1,2,1,-2,2,2,1,-1,-2,-1,-2,-2,-1,0,-1,-1,-2,-1,0,-2
"214",-3,-3,-3,-3,-3,-3,-3,-3,-3,-3,-3,-3,-3,-3,-3,-3,-3,-3,-3,-3,-3,-3,-3,-3,-3,-3,-3,-3,-3,-3,-3,-3,-3,-3,-3,-3,-3,-3,-3,-3
"215",1,1,-1,2,0,1,0,0,1,1,2,0,1,1,0,0,1,0,2,1,1,0,0,1,0,1,0,1,1,1,0,0,1,2,1,1,0,2,0,1
"216",-3,-3,-3,2,-3,-3,0,3,-3,3,0,-3,-3,-3,-3,-3,-3,0,-3,-3,-3,-3,-3,-3,-3,-3,-3,-3,-3,-3,-3,-3,-3,-3,3,-3,-3,-3,-3,-3
"217",-3,-2,-3,-3,-3,-3,-3,0,-1,-3,-3,-3,-3,-3,-3,-3,-3,-3,-3,-3,-2,-2,-1,-3,-3,-2,-2,-3,-3,-3,-3,-3,-2,-3,-2,-3,-3,-1,-3,-3
"218",-3,3,2,3,-3,2,3,3,3,-3,2,2,-3,-3,2,2,-3,-3,-3,-3,-3,-3,3,2,3,3,-3,3,3,-3,3,3,3,3,3,3,3,3,3,3
"219",-3,-1,-3,-3,-3,0,-2,-3,-1,-3,-3,-3,-3,-3,-3,-3,-3,-3,-3,-3,-3,-3,-3,-3,-2,-2,-3,-2,-3,-2,-1,-1,1,-1,-1,-3,0,-3,-1,-1
"220",-3,2,0,3,-3,2,2,2,3,-3,-3,-3,-3,-3,-3,-3,-3,-3,-3,-3,-3,-3,3,-3,-3,2,3,-1,3,3,3,0,1,0,0,0,1,3,3,3
"221",3,3,2,3,3,3,3,2,3,-3,0,-3,1,-1,-2,-3,-3,-3,-3,0,-3,0,3,0,3,3,3,3,3,3,-1,3,2,3,3,3,3,3,3,3
"222",-2,-2,-1,3,1,0,0,3,3,-3,2,-1,1,-2,-1,1,-3,-3,-3,-2,-3,2,2,2,3,1,1,1,2,1,2,3,2,1,2,3,3,3,3,3
"223",3,-2,2,0,3,2,3,3,3,-3,-1,-1,1,-3,-1,-3,-3,-3,-3,-3,-2,3,3,3,3,1,3,-1,2,2,-1,0,3,-1,-1,2,3,3,1,3
"224",-3,1,-3,3,-3,-2,0,2,2,-3,-3,-3,-3,-3,-3,-3,-3,-3,-3,-3,-3,-3,0,-2,2,-1,2,0,-3,-3,-3,-2,-1,1,2,2,0,3,3,3
"225",2,2,2,3,3,2,2,2,2,2,3,3,2,2,1,3,3,2,3,2,3,3,3,3,3,3,3,2,3,3,3,2,3,3,3,3,2,3,3,3
"226",3,3,3,3,2,3,3,3,3,1,3,3,3,3,3,3,3,3,2,2,0,3,3,3,3,2,3,2,3,3,3,3,3,3,3,3,3,3,3,3
"227",-3,-3,-3,-3,-3,-3,-3,-3,-3,-3,-3,-3,-3,-3,-3,-3,-3,-3,-3,-3,-3,-3,-3,-3,-3,-3,-3,-3,-3,-3,-3,-3,-3,-3,-3,-3,-3,-3,-3,-3
"228",-3,2,-2,2,-1,-1,3,3,3,-3,-2,1,-2,-2,1,1,-2,-1,-1,-2,-3,-1,3,-2,-1,3,-1,0,1,-1,-1,1,1,1,2,1,3,3,3,3
"229",-2,-3,-3,-3,-3,-2,-2,0,-2,-1,-3,-3,-3,-3,-3,-3,-3,-3,-3,-3,-3,-3,-3,-3,-3,-3,-3,-3,-3,-3,-3,-3,-3,-3,-3,-3,-3,-3,-3,-3
"230",-3,3,3,3,-3,0,2,3,3,-3,3,-3,-3,-3,-1,0,-3,-3,-3,-3,-3,2,2,3,2,3,3,3,3,3,3,3,3,3,3,3,3,3,3,3
"231",-3,1,1,0,-2,-1,-1,0,0,1,1,2,-3,-2,-3,1,-2,-1,2,0,1,-1,2,1,0,2,2,0,-1,0,0,2,1,1,-1,2,2,3,2,3
"232",1,1,2,3,0,1,1,3,3,-3,1,-1,1,0,0,-1,0,-1,-1,0,-1,1,2,0,0,0,2,-1,1,2,0,1,1,1,0,1,1,3,1,3
"233",-3,-3,3,3,3,3,3,3,3,-3,3,-3,-3,-3,3,3,-3,-3,-3,-3,-3,3,3,3,0,3,3,3,-3,3,3,-3,3,3,3,3,3,3,3,3
"234",-3,-3,-3,-3,-3,-3,-3,-3,-3,-3,-3,-3,-3,-3,-3,-3,-3,-3,-3,-3,-3,-3,-3,-3,-3,-3,-3,-3,-3,-3,-3,-3,-3,-3,-3,-3,-3,-3,-3,-3
"235",1,1,-1,1,2,0,2,2,3,-1,1,0,-1,0,-2,-1,-1,-2,-1,-2,-1,2,1,1,-2,1,3,3,3,1,3,-1,0,2,2,3,3,3,3,2
"236",0,1,2,2,3,2,1,2,2,3,-3,-3,-1,-3,-3,-3,-3,-3,-3,-3,-3,-3,-3,-3,-3,-3,-3,-3,-3,-3,-3,-3,-3,-3,-3,-3,-3,-3,-3,-3
"237",3,2,3,3,3,3,3,3,3,-2,-3,-1,3,0,-1,-3,-2,-3,-3,-3,-2,3,3,3,3,3,3,0,3,3,3,3,3,1,2,3,3,3,3,3
"238",3,3,3,3,3,3,3,3,3,3,3,3,3,3,3,3,3,3,3,3,3,3,3,3,3,3,3,3,3,3,3,3,3,3,3,3,3,3,3,3
"239",-3,-3,-3,3,0,-3,-3,3,3,-3,-3,-3,-3,-3,-3,-3,-3,-3,-3,-3,-3,-3,3,-3,-3,-3,-3,-3,-3,-3,-3,-3,-3,-3,-1,-3,3,3,2,3
"240",1,1,1,2,2,0,1,2,2,-1,1,0,0,1,2,-2,-2,-1,-1,-2,-2,2,0,1,1,0,1,1,0,-1,2,2,0,1,0,1,2,3,2,2
"241",3,2,3,3,3,1,3,3,3,-3,0,0,0,0,0,-3,-3,-3,-3,-3,-3,0,3,0,3,0,3,0,0,3,3,3,3,3,3,3,3,3,3,3
"242",0,-3,-1,-3,1,-3,-2,-1,-2,-2,1,-3,-1,-3,-3,-3,-3,-3,-3,-3,-3,-3,-2,-2,-3,-2,1,-3,-3,-3,-3,-3,-3,-3,-3,-3,-3,-1,-3,-3
"243",1,3,0,2,-3,0,1,3,3,-3,1,-2,0,-3,-3,-3,-3,-3,-3,-3,-3,2,1,0,3,3,3,2,-1,2,2,2,3,3,3,2,3,3,3,3
"244",2,2,2,2,2,2,2,2,2,2,2,2,2,2,2,2,2,2,2,2,3,2,2,3,2,2,2,2,2,2,2,2,2,2,2,2,2,2,2,2
"245",0,-1,1,2,1,0,-1,2,1,-1,0,-1,-2,-1,-3,-1,-2,-1,-2,-2,-2,0,-1,1,-1,0,-1,-3,-1,0,-1,-1,1,0,1,0,2,3,1,1
"246",3,2,3,3,3,3,3,3,3,3,-3,-3,0,0,0,-3,-3,0,-3,-3,-3,-3,3,-3,-3,-3,-3,-3,-3,-3,-3,-3,-3,-3,-3,-3,-3,-3,-3,-3
"247",0,1,-2,-1,0,-1,-2,1,0,1,-1,-1,0,-2,-2,0,1,1,-2,1,0,0,1,0,-1,-1,1,0,-1,-1,-2,0,1,-1,-1,0,-2,-1,-2,0
"248",1,2,2,2,1,2,2,1,2,0,2,2,-1,1,1,2,0,-1,0,2,-1,2,2,1,2,2,2,2,2,2,1,2,2,2,2,2,1,2,2,2
"249",1,3,2,3,0,2,2,3,3,-3,0,3,0,2,-2,-3,-3,-3,-3,0,-3,2,3,3,3,2,3,0,3,3,3,3,0,3,3,3,3,3,3,3
"250",-1,-1,-1,-2,-1,-2,1,1,-1,-2,-1,-2,-1,0,1,-1,-2,-2,-2,-1,0,-1,-2,0,0,0,-1,-1,-1,-1,0,-2,0,0,0,-1,0,-2,-1,0
"251",-1,3,2,3,-1,3,3,3,3,1,1,3,-2,1,0,1,1,0,-3,-2,0,1,3,2,0,2,1,1,3,2,2,2,2,2,3,3,3,3,3,3
"252",1,3,0,3,2,3,1,1,2,0,-1,2,1,0,0,0,-1,-1,1,3,1,2,3,-1,1,3,1,3,2,2,1,3,2,2,3,3,1,3,3,3
"253",0,2,2,0,-1,1,2,2,2,3,0,-3,2,-1,0,-3,-2,0,-3,-3,-3,-3,0,-3,-3,-2,-2,-3,-3,-3,-3,-3,-3,-3,-2,-3,-3,-3,-3,-3
"254",-3,-1,-3,-3,-3,-3,-2,0,2,-3,-3,1,-3,-3,-3,-3,1,-2,-3,-3,-3,-2,1,-3,2,1,-3,1,-3,-3,-3,-3,-3,-3,-3,-3,2,-2,-3,2
"255",3,0,3,3,3,3,-2,3,3,-2,0,-3,-3,-3,0,-3,-3,-3,-3,-3,-3,0,2,-2,0,0,-2,-3,3,-3,3,-3,3,0,0,3,3,3,3,3
"256",0,1,0,-1,1,0,2,2,3,-2,1,0,2,-1,1,2,1,1,2,1,0,2,2,0,3,3,1,2,1,1,2,1,2,3,2,2,2,2,2,3
"257",3,2,3,3,3,3,3,3,3,-3,3,-3,3,3,-3,3,3,3,-3,-3,3,3,3,3,3,3,3,3,3,3,3,3,3,3,3,3,3,3,3,3
"258",-3,0,-3,-3,-3,0,0,0,0,0,-3,-3,-3,-3,-3,-3,-3,-3,-3,-3,-3,-3,0,-3,-3,-3,-3,-3,-3,-3,-3,-3,-3,-3,-3,-3,-3,-3,-3,-3
"259",-1,-1,-1,1,2,-2,-2,1,1,-2,-1,-1,-1,-2,-2,-2,-2,-2,-2,-2,-2,-1,0,-1,-1,-1,0,-1,-1,-2,-2,0,0,-1,-1,0,1,1,0,1
"260",-3,-3,-3,-3,-3,-3,-3,-3,-3,-3,-3,-3,-3,-3,-3,-3,-3,-3,-3,-3,-3,-3,-3,-3,-3,-3,-3,-3,-3,-3,-3,-3,-3,-3,-3,-3,-3,-3,-3,-3
"261",-1,1,-2,3,-2,0,2,-1,2,-1,-1,-3,-3,-3,-1,1,-1,-1,-2,-1,-2,-2,2,-2,0,-2,-2,2,1,-2,1,3,1,3,-2,-3,2,3,1,3
"262",1,3,3,3,0,3,3,3,3,-2,1,3,1,0,2,2,2,0,3,0,-1,1,3,1,2,3,2,2,3,3,3,3,3,3,3,3,3,3,3,3
"263",-2,-3,-3,-3,-3,-3,-3,-2,0,-3,-3,-3,-3,-3,-3,-3,-3,-3,-3,-3,-3,-3,-3,-3,-3,-3,-3,-3,-3,-3,-3,-3,-3,-3,-3,-3,-3,-3,-2,-3
"264",-3,-2,-3,-3,-3,-1,-1,-1,0,-3,-2,-3,-3,-3,-3,-3,-3,-3,-3,-3,-3,-3,-3,-3,-3,-3,-1,-3,-3,-3,-3,-3,-1,-3,-1,-3,-1,-3,-3,0
"265",3,3,3,3,3,3,3,3,3,3,3,3,3,3,3,3,3,3,3,3,3,3,3,3,3,3,3,3,3,3,3,3,3,3,3,3,3,3,3,3
"266",-3,-3,-3,-2,-1,-3,-2,1,-2,-1,-3,-3,-3,-3,-3,-3,-3,-3,-3,-3,-3,-3,-3,-3,-3,-3,-3,-3,-3,-3,-3,-3,-3,-3,-3,-3,-3,-3,-3,-3
"267",2,2,2,2,2,2,2,2,2,2,2,2,2,2,2,2,2,2,2,1,2,2,2,3,2,2,2,2,2,2,2,2,2,2,2,2,2,2,2,3
"268",3,2,2,3,3,2,3,3,3,1,3,3,3,0,2,2,3,-2,2,2,2,3,3,3,3,3,3,2,2,3,2,3,2,3,3,3,2,3,3,3
"269",3,3,3,0,2,3,3,3,3,3,-3,-3,2,-3,-1,-3,-3,-3,-3,-3,-3,3,-1,-3,-3,-3,-3,-3,-3,-3,-3,-3,-3,-3,-3,-3,-3,-3,-3,-3
"270",3,3,3,3,3,3,3,3,3,1,3,3,3,3,0,3,1,0,-2,2,-3,3,3,3,3,3,3,3,3,3,3,3,3,3,3,3,3,3,3,3
"271",3,-3,2,3,-2,2,2,2,2,-3,2,-3,-2,-3,-3,-3,-3,-3,-3,-3,-2,-2,2,2,0,-2,2,-3,-3,-3,-3,-2,1,-3,1,1,1,2,2,2
"272",-3,0,-3,0,-1,-2,-2,1,2,-3,-3,-3,-3,-3,-3,-3,-3,-3,-3,-3,-3,-1,3,-3,-1,-3,1,-3,-3,-3,1,-2,-3,-3,-3,0,1,-2,2,3
"273",2,2,2,3,1,1,3,3,3,-2,0,3,-3,-3,0,1,3,-2,-2,-3,-2,2,3,2,0,2,2,2,3,2,2,0,3,-3,3,3,2,3,3,3
"274",2,1,3,3,0,2,3,2,3,-3,0,2,0,2,-3,-3,-3,-3,-3,-3,-3,3,3,0,1,2,3,0,3,2,3,2,3,2,3,3,3,3,3,3
"275",-1,0,0,2,-1,0,0,0,2,0,-3,-3,-2,-2,-2,-2,-2,-2,-2,-3,-3,0,0,-2,0,-2,-2,-2,-1,-2,-1,-1,1,-2,1,1,1,2,2,2
"276",-1,2,0,2,0,0,0,-1,1,-3,-1,2,2,-1,-1,1,-3,-1,-3,0,-3,-1,0,0,1,2,-1,2,1,1,2,1,-3,2,0,2,1,3,1,2
"277",-1,0,-1,0,-2,-1,-1,0,0,-2,0,-2,-2,-2,0,-1,-2,-2,0,-2,0,-2,0,-1,0,0,0,0,0,0,0,0,0,0,0,0,0,0,0,0
"278",-1,2,1,2,-1,2,2,2,2,-2,-2,0,-1,0,-2,1,-1,-2,1,-1,-1,1,2,-3,-1,0,-1,0,0,-1,0,1,3,2,1,1,2,3,1,2
"279",3,3,3,3,3,3,3,3,3,3,3,3,3,3,3,3,3,2,3,3,3,3,3,2,3,3,3,3,3,3,3,3,3,3,3,3,3,3,3,3
"280",-3,-3,-3,-3,-3,-3,-3,-3,-3,-3,-3,-3,-3,-3,-3,-3,-3,-3,-3,-3,-3,-3,-3,-3,-3,-3,-3,-3,-3,-3,-3,-3,-3,-3,-3,-3,-3,-3,-3,-3
"281",-3,2,-3,2,2,2,2,2,3,-3,-3,2,-3,-3,1,-3,-3,-3,-3,-3,-2,-3,2,1,1,3,2,1,2,1,2,2,2,2,2,2,3,3,3,3
"282",-1,0,-1,3,-2,-1,-1,2,1,-3,0,-2,-1,-2,-2,-3,-3,-3,-3,-2,-3,2,2,1,0,-1,-2,-2,1,1,1,-1,-1,-2,-2,-1,0,3,2,1
"283",1,2,0,2,1,1,3,3,2,-1,3,2,-2,-1,-2,0,-2,-2,-2,-2,-2,1,0,1,2,2,2,1,0,2,2,1,1,2,2,2,2,3,3,3
"284",-3,-2,-3,3,0,2,0,3,1,-3,-3,-3,-3,-2,-3,-3,-3,-3,-3,-3,-3,-3,2,1,2,-1,-3,-3,-3,-3,0,0,-1,-2,1,1,-3,3,1,3
"285",3,3,3,2,3,3,3,2,2,3,3,3,3,3,2,3,3,2,3,3,3,3,2,3,3,3,3,3,3,3,3,3,3,3,3,3,3,3,3,3
"286",-3,-3,-3,-3,-3,-3,-3,0,-3,-3,-3,-3,-3,-3,-3,-3,-3,-3,-3,-3,-3,-3,-3,-3,-3,-3,-3,-3,-3,-3,-3,-3,-3,-3,-3,-3,-3,-3,-3,-3
"287",1,1,0,2,1,1,1,1,1,-1,1,0,-1,1,1,1,-1,1,0,1,0,-1,3,1,1,1,1,1,1,2,1,1,1,1,1,1,1,1,1,2
"288",1,0,0,1,2,0,1,3,3,-3,-1,-3,-2,-2,-2,-3,-2,-2,-2,-3,-2,0,3,1,-1,-2,2,-2,-2,2,-3,-2,0,-2,0,-1,1,3,-1,2
"289",0,2,-1,2,-2,2,3,1,2,0,-1,-1,-1,-2,0,1,-1,2,2,0,-1,3,2,-1,2,2,1,2,1,1,2,2,1,2,1,2,3,3,3,3
"290",1,2,2,0,-1,0,1,1,1,-1,-1,0,2,0,1,1,0,-1,0,0,0,2,2,1,1,2,1,0,-1,1,0,1,0,1,2,0,1,0,1,0
"291",-3,-3,-3,-3,-3,-3,-3,-3,-3,-3,-3,-3,-3,-3,-3,-3,-3,-3,-3,-3,-3,-3,-3,-3,-3,-3,-3,-3,-3,-3,-3,-3,-3,-3,-3,-3,-3,-3,-3,-3
"292",1,3,1,2,2,2,1,3,2,-2,1,3,1,-1,2,3,3,1,3,0,2,3,1,1,1,3,2,2,3,3,3,3,2,3,3,2,3,3,3,3
"293",-1,-1,2,-2,1,3,-1,-1,2,2,2,-1,2,1,-1,2,-1,-1,2,-2,0,2,1,2,-1,-2,1,-1,-2,-1,1,-1,2,-2,3,-1,3,2,-1,-1
"294",-1,3,1,3,-1,-2,0,2,2,-3,-2,-2,-2,-3,-2,1,-2,-3,-3,-3,-3,-2,0,-1,-1,-1,-2,3,3,3,-1,2,1,2,0,0,2,3,3,3
"295",3,3,3,3,3,3,3,3,3,-1,0,3,-1,3,3,3,3,3,3,1,-3,0,3,-1,1,3,-1,3,3,3,3,3,3,3,3,3,3,3,3,3
"296",-2,1,1,-3,2,1,1,1,2,2,1,-3,0,0,-2,-3,-3,0,-3,-3,-2,0,1,0,-2,-1,-2,-3,-3,-3,-3,-3,-3,-3,-3,-3,-3,-3,-3,-3
"297",0,3,0,3,-3,3,3,3,3,-3,1,0,-2,0,0,-3,3,-3,-3,-3,-3,-2,3,1,0,-3,3,1,3,0,-2,0,0,0,0,0,3,3,3,3
"298",2,1,1,1,1,1,1,2,2,2,2,2,2,1,2,2,1,1,1,1,2,2,2,2,1,1,1,1,2,2,1,2,1,1,2,1,2,2,1,2
"299",-3,-3,-3,-3,-3,-3,-3,-3,-3,-3,-3,-3,-3,-3,-3,-3,-3,-3,-3,-3,-3,-3,-3,-3,-3,-3,-3,-3,-3,-3,-3,-3,-3,-3,-3,-3,-3,-3,-3,-3
"300",-1,-2,2,3,-1,0,0,3,3,-3,1,-3,-2,-3,-3,-3,-3,-3,-3,-3,-3,3,2,2,-2,-1,0,-2,-3,0,-1,-1,3,0,1,1,3,3,1,3
"301",1,2,2,2,2,2,3,2,2,-2,1,-1,0,-1,0,-2,-1,-2,-2,0,-3,-2,2,2,1,1,2,-1,2,1,2,0,2,1,2,2,2,3,3,3
"302",-3,-3,-3,-3,-3,-3,-3,3,-3,-3,-3,-3,-3,-3,-3,-3,-3,-3,-3,-3,-3,-3,3,-3,-3,-3,-3,-3,-3,-2,3,-3,-3,-3,-3,-3,-3,3,3,3
"303",1,0,0,-2,0,0,0,-1,1,-2,-2,-2,-1,0,-2,-2,-3,-2,-3,-3,-3,1,-2,-2,-2,-2,-1,-3,-3,-3,-3,-3,-1,-3,-1,-3,-3,1,-1,-1
"304",-3,-3,-3,-3,-3,-2,-3,-3,-1,-1,-3,-3,-3,-3,-3,-3,-3,-3,-3,-3,-3,-3,-3,-3,-3,-3,-3,-3,-3,-3,-3,-3,-3,-3,-3,-3,-3,-3,-3,-3
"305",0,3,1,3,0,1,2,3,3,-3,0,3,0,-1,0,1,1,-1,2,1,2,3,3,1,3,3,3,3,3,3,3,3,3,3,3,3,3,3,3,3
"306",-3,-3,-3,-3,-3,-3,-3,-3,-3,1,-3,-3,-3,-3,-3,-3,-3,-3,-3,-3,-3,-3,-3,-3,-3,-3,-3,-3,-3,-3,-3,-3,-3,-3,-3,-3,-3,-3,-3,-3
"307",0,1,1,3,1,0,1,1,3,-3,1,-3,-3,-3,-1,-3,-3,-3,-2,-3,-2,1,0,3,0,-2,0,-2,-2,1,0,1,0,0,0,1,1,3,-1,1
"308",-3,-3,-3,-3,-1,-3,-3,-1,-2,-3,-2,-2,-3,-3,-2,-1,-1,-3,-2,-1,-1,-2,-1,-2,-3,-3,-3,-1,-2,-2,-1,-2,-1,-2,-1,-2,-2,-2,-2,-1
"309",-2,2,-2,2,3,-1,3,3,3,-2,-1,-3,-1,-3,-2,-3,-3,-3,-3,-3,-2,-2,-2,-1,-2,1,0,-3,-3,-3,-2,-3,3,-3,0,-3,-2,3,-2,1
"310",1,-3,2,0,-1,1,-3,0,0,-3,1,0,0,0,-3,-1,0,-2,-1,-2,0,1,1,1,1,-1,-1,2,-1,-1,0,-1,2,3,-1,3,0,3,-1,1
"311",-3,-3,-3,-3,-3,-3,-3,-3,-3,-3,-3,-3,-3,-3,-3,-3,-3,-3,-3,-3,-3,-3,-3,-3,-3,-3,-3,-3,-3,-3,-3,-3,-3,-3,-3,-3,-3,-3,-3,-3
"312",-2,0,-2,3,-1,-1,-1,2,3,-1,-1,-2,-1,0,-1,-2,-2,-2,-2,-2,-1,-2,0,-1,-2,-2,-2,-2,-2,-1,-2,-2,-1,-1,-1,0,-1,2,1,1
"313",1,0,3,3,3,3,1,2,3,-3,2,0,2,0,0,0,0,-2,0,-1,-1,2,3,0,0,0,1,0,0,1,3,0,1,0,1,3,0,3,3,3
"314",-2,3,0,1,2,2,-1,2,3,-3,0,3,-2,-1,2,-3,-2,-1,-1,0,-3,-2,3,-2,0,1,-1,0,2,-1,2,3,2,3,1,3,3,3,3,3
"315",-1,-1,0,-1,-1,-1,0,-1,-1,-1,-1,-1,0,-1,-1,0,0,0,-1,0,-1,-1,-1,0,0,-1,-1,0,-1,-1,0,-1,-1,0,0,-1,0,-1,0,-1
"316",-2,0,-1,3,-2,-1,0,2,2,-3,-1,-2,-2,-2,-1,-2,-2,-2,-2,-2,-3,-2,-2,0,-1,-2,-2,-1,0,0,2,0,1,2,-2,-2,2,3,2,3
"317",-3,2,-3,-3,-3,1,1,-3,1,-3,-3,-3,-3,-3,-3,-3,-3,-3,-3,-3,-3,-3,-3,-3,-3,-3,-3,-3,-3,-3,-3,-3,-3,-3,-3,-3,-3,-3,-3,-3
"318",-3,-2,-3,-3,-3,-3,-3,2,-2,-3,-3,-3,-3,-3,-3,-3,-3,-3,-3,-3,-3,-3,-3,-3,-3,-3,-3,-3,-3,-3,-3,-3,-2,-2,-3,-2,-3,-2,-2,-2
"319",3,0,1,3,3,0,3,3,3,-3,-3,3,-2,-3,0,3,-3,-3,3,-3,0,3,3,0,3,3,0,3,3,3,3,3,3,3,3,3,3,3,3,3
"320",-1,0,3,-3,-3,-1,3,0,-3,0,-3,-3,-1,-3,-3,-3,-3,-3,-3,-3,-3,0,-3,-2,-3,-3,-3,-3,-3,-3,-3,-3,1,-1,-3,-3,-3,-3,-3,-3
"321",3,3,3,3,3,3,3,3,3,3,3,3,0,3,3,3,3,0,3,3,3,3,3,3,3,3,3,3,3,3,3,3,3,3,3,3,3,3,3,3
"322",3,2,3,3,2,0,3,3,3,-3,-3,0,-2,3,1,0,0,-3,-3,-1,-3,0,3,3,-2,3,3,0,1,0,3,3,3,1,3,3,3,3,3,3
"323",-2,2,0,1,-2,0,-2,1,2,-3,-1,-1,-2,-2,-2,-3,-3,-2,-3,-3,-3,-3,1,-1,0,-3,-2,-2,-2,-2,-3,1,-2,1,-1,1,-1,1,1,2
"324",-1,2,0,2,2,-1,0,2,2,0,0,-1,0,0,-1,1,-1,0,1,0,1,1,1,2,1,2,2,0,2,2,2,2,2,2,1,2,2,2,2,2
"325",-1,-3,-3,-3,0,-3,-3,3,1,1,-3,-3,-3,-3,-3,-3,-3,-3,-3,-3,-3,-3,-3,-3,-3,-3,-3,-3,-3,-3,-3,-3,-3,-3,-3,-3,-3,-3,-3,-3
"326",-3,-3,-3,-3,-3,-3,-3,-3,-3,-3,-3,-3,-3,-3,-3,-3,-3,-3,-3,-3,-3,-3,-3,-3,-3,-3,-3,-3,-3,-3,-3,-3,-3,-3,-3,-3,-3,-3,-3,-3
"327",-3,-3,-3,-3,-3,-3,-3,-3,-3,-3,-3,-3,-3,-3,-3,-3,-3,-3,-3,-3,-3,-3,-3,-3,-3,-3,-3,-3,-3,-3,-3,-3,-3,-3,-3,-3,-3,-3,-3,-3
"328",-2,-3,-1,3,1,-1,0,0,3,-3,-2,-3,-3,-3,-3,-3,-3,-2,-3,-3,-3,-1,0,1,-1,-2,-1,-3,-1,1,-3,-1,0,-1,2,1,-1,2,2,3
"329",0,0,-1,0,0,-2,-1,1,0,-2,-2,-2,-1,-1,-1,0,-1,-2,-2,-1,-3,-1,2,-1,-1,-2,-1,-2,0,-2,0,-1,1,-2,-1,-2,0,0,-1,-1
"330",-3,0,-1,-1,0,3,3,1,3,3,-3,-3,-3,-3,-3,-3,-3,-3,-3,-3,-3,-3,0,-3,-3,-3,-3,-3,-3,-3,-3,-3,-3,-3,-3,-3,-3,-3,-3,-3
"331",-3,-3,-3,-3,-3,-3,-3,-3,-3,-3,-3,-3,-3,-3,-3,-3,-3,-3,-3,-3,-3,-3,-3,-3,-3,-3,-3,-3,-3,-3,-3,-3,-3,-3,-3,-3,-3,3,-3,-3
"332",3,3,3,3,3,3,3,3,3,0,3,3,3,3,0,3,3,0,3,3,3,3,3,3,3,3,3,3,3,3,3,3,3,3,3,3,3,3,3,3
"333",-1,3,2,2,-2,1,3,-2,2,-2,-2,-3,0,-3,-2,-3,-1,-3,-2,-2,-3,-2,1,1,1,-2,0,-2,1,-2,0,2,3,3,0,3,3,3,3,3
"334",1,1,2,2,2,2,1,2,2,0,0,1,1,1,-2,0,-2,-2,-2,-2,-1,2,2,2,1,1,2,-1,0,1,0,0,0,1,1,1,2,2,2,2
"335",-2,-3,-1,-2,-1,-2,-1,-2,-1,-3,0,1,-3,0,-1,-1,-1,-2,-3,-1,0,-2,0,-2,-1,-2,-2,0,-2,1,-1,0,-1,-1,1,-1,-1,0,-2,-1
"336",1,3,3,3,0,2,1,-1,3,1,-2,2,0,-2,1,-3,-2,-2,-2,2,-3,2,3,0,0,3,0,1,1,0,-1,2,-2,0,1,3,1,3,3,3
"337",3,3,3,3,3,3,3,3,3,3,3,3,3,3,2,3,3,3,3,3,3,3,3,3,3,3,3,3,3,3,3,3,3,3,3,3,3,3,3,3
"338",-3,-1,-2,2,-3,-3,-2,1,-2,-3,-3,-3,-3,-3,-3,-3,-3,-3,-2,-3,-3,-2,1,2,-1,-3,-3,-2,0,-1,-2,1,-1,1,1,-3,1,1,1,2
"339",1,-3,-1,-2,0,-3,-1,2,-3,-1,-1,-3,-3,0,-3,-3,-3,-2,-3,-3,-3,-3,-2,-1,-2,-3,-2,-3,-2,-2,-3,-3,-3,-3,-3,-2,-3,-3,-3,-2
"340",-2,-2,-2,-1,-3,-2,-1,-1,-1,-3,0,-2,-2,-2,-3,-3,-3,-2,-3,-3,-1,-3,-1,-1,-2,-2,-3,-2,-2,-2,-1,-2,-1,-2,-2,-1,0,2,-2,-1
"341",-3,3,3,3,3,3,3,3,3,0,3,-3,0,3,-3,-3,-3,-3,-3,-3,-3,0,-3,-3,-3,-3,-3,-3,-3,-3,-3,-3,3,3,3,3,3,3,3,3
"342",-3,-3,-3,-2,-1,0,1,0,-1,3,-3,-3,0,-3,-3,-3,-3,-1,-3,-3,-3,-3,-3,-3,-3,-3,-3,-3,-2,-3,-3,-3,-3,-3,-3,-3,-3,-3,-3,-3
"343",3,3,0,3,0,3,2,3,3,3,-3,-3,3,-3,-3,-3,-3,-2,-3,-3,-3,-2,2,-3,-3,-3,-3,-3,-3,-3,-3,-3,-3,-3,-3,-3,-3,-3,-3,-3
"344",-3,-3,-3,-3,-3,-3,-3,1,1,3,-3,-3,-3,-3,-3,-3,-3,-3,-3,-3,-3,-3,-3,-3,-3,-3,-3,-3,-3,-3,-3,-3,-3,-3,-3,-3,-3,-3,-3,-3
"345",-2,3,-1,3,2,1,3,2,3,-2,-1,2,-2,-1,-1,-2,-3,-2,-3,-3,-2,-3,2,-1,-2,-1,3,-1,-1,2,-1,0,-1,-1,2,0,3,3,1,3
"346",-2,2,0,3,1,2,-2,1,3,-3,1,0,-2,-2,-2,-1,-2,-1,-2,-1,-2,2,3,1,1,0,3,0,2,1,2,0,1,0,0,2,2,3,2,3
"347",3,0,3,3,2,3,3,3,3,-3,0,-3,0,-2,-3,-1,-3,-3,-3,-3,-2,3,3,3,3,3,2,0,3,3,1,3,3,3,3,3,3,3,3,3
"348",2,3,2,3,1,3,3,2,3,-3,0,1,1,2,-1,1,-2,-2,-1,-1,-3,-1,2,2,0,3,0,2,1,1,1,2,3,2,1,2,3,3,3,3
"349",1,2,2,3,0,2,3,2,2,2,-3,-3,0,0,0,-3,0,1,-3,-3,-3,-3,3,-3,-3,-3,-3,-3,0,-3,-3,-3,-3,-3,-3,-3,-3,-3,-3,-3
"350",1,3,1,0,0,1,1,0,0,-1,1,-1,1,0,-2,2,-2,-1,3,1,-1,0,1,0,3,2,0,3,2,0,2,3,2,3,-1,2,3,3,3,2
"351",1,3,3,3,3,0,3,3,3,-3,3,3,-3,-3,-3,-3,-3,-3,-3,-3,-3,3,3,3,3,3,3,-3,3,3,0,3,3,3,3,3,3,3,3,3
"352",3,3,2,3,2,3,2,2,2,3,3,1,1,1,2,0,1,3,2,1,2,2,2,3,1,2,2,1,1,3,2,2,1,3,1,3,1,2,2,2
"353",-3,-2,-3,-3,-3,-2,-2,-2,-2,-3,-2,-3,-3,-3,-3,-3,-3,-3,-3,-3,-2,-2,-2,-2,-2,-2,-2,-3,-3,-2,-3,-2,-3,-3,-2,-3,-3,-2,-3,-2
"354",-2,3,3,3,3,3,3,3,3,-2,-1,3,-1,3,3,-1,2,2,0,3,0,3,3,3,3,3,3,3,3,3,3,3,3,3,3,3,3,3,3,3
"355",1,2,0,3,1,2,3,2,3,-2,-1,1,1,-1,1,2,2,1,2,2,2,3,3,3,3,3,3,3,2,3,3,3,3,3,2,3,3,3,3,3
"356",-1,-2,-3,0,-2,-2,-1,-1,-2,-3,-2,-3,-3,-2,-2,-3,-3,-3,-3,-3,-3,-3,-2,-3,-2,-3,-1,-3,-3,-3,-3,-3,-2,-3,-2,-3,-2,-2,-2,-2
"357",-3,-3,-3,-2,-2,-3,2,1,2,-3,-1,-3,-3,-3,-3,-2,-3,-3,-3,-3,-3,-2,2,-3,-2,-3,-1,-3,-2,-3,-2,1,-1,-2,-1,-3,0,2,-1,2
"358",2,3,2,3,3,2,2,3,3,-1,2,3,1,1,1,2,1,2,2,3,0,2,3,2,2,3,2,3,3,2,3,3,3,3,3,3,3,3,3,3
"359",2,1,0,-2,-1,0,0,1,0,-2,-1,1,1,-3,0,-1,-1,2,-1,1,-1,-1,-3,-2,-1,0,-1,2,1,-1,-2,-1,0,0,1,1,1,2,2,-1
"360",2,0,-3,-3,-3,-3,1,2,-2,-3,-3,-3,-3,-3,-3,-3,-3,-3,-3,-3,-3,-3,-3,-3,-3,-3,-3,-3,-3,-3,-3,-3,0,-3,-3,-3,-3,-3,-3,-3
"361",-3,-3,3,3,-3,-3,-3,2,1,-3,0,-3,-3,-3,-3,-3,-3,-3,-3,-3,-3,-3,1,3,-3,-3,-3,-3,-3,-3,-3,-3,-3,-3,-3,-3,1,3,-3,3
"362",-2,0,2,3,2,1,1,2,3,-2,2,-3,-2,0,-1,-2,-3,-2,-2,-2,-2,0,1,3,2,0,2,1,1,-2,0,-2,0,-2,1,1,1,3,-1,3
"363",1,2,3,3,1,0,0,2,3,-2,-1,-1,-1,-1,-2,0,-1,-2,-2,1,-2,-1,3,1,2,1,3,0,2,0,2,1,1,0,1,2,2,3,3,3
"364",1,3,2,3,3,2,3,2,3,-2,3,1,2,0,1,0,0,1,0,1,0,2,2,3,3,2,3,3,2,3,-1,3,0,3,1,3,2,3,3,3
"365",-3,-3,-3,-3,-3,-3,-3,-3,-3,-3,-3,-3,-3,-3,-3,-3,-3,-3,-3,-3,-3,-3,-3,-3,-3,-3,-3,-3,-3,-3,-3,-3,-3,-3,-3,-3,-3,-3,-3,-3
"366",1,2,1,3,-1,1,2,3,3,-2,-2,2,-1,-1,-1,-1,0,0,0,0,-2,1,2,1,1,2,2,1,1,2,1,2,2,2,1,2,2,3,3,3
"367",1,1,0,2,0,-2,-2,1,1,-2,0,1,-2,-2,-1,-2,-2,-3,-1,-2,-3,0,1,-1,-1,1,-1,2,1,1,1,2,2,2,2,2,0,3,3,3
"368",-2,0,-2,3,2,1,0,3,-2,-2,-2,1,-2,-2,-2,-2,-2,-3,-2,-2,-3,-2,2,0,2,1,0,0,3,-1,2,-1,0,1,-2,2,3,3,3,3
"369",-3,-3,-3,-3,-3,-3,-3,-2,-2,-3,-3,-3,-3,-3,-3,-3,-3,-3,-3,-3,-3,-3,-3,-2,-2,-3,-2,-3,-3,-3,-3,-3,-3,-3,-3,-3,-3,-2,-3,-2
"370",1,2,0,3,1,2,2,2,3,1,1,1,1,2,2,2,2,0,0,1,0,1,1,0,1,2,1,3,2,1,1,2,2,3,2,1,2,3,2,3
"371",3,3,3,3,3,3,3,3,3,3,-3,-3,3,-3,-3,-3,-3,-3,-3,-3,-3,-3,3,-3,-3,-3,-3,-3,-3,-3,-3,-3,-3,-3,-3,-3,-3,-3,-3,-3
"372",3,3,3,3,3,3,3,3,3,3,3,3,3,3,3,3,3,3,3,3,3,3,3,3,3,3,3,3,3,3,3,3,3,3,3,3,3,3,3,3
"373",-1,-2,1,-1,-2,-3,0,0,2,-1,1,-2,-3,-1,1,1,-2,1,3,1,-3,2,0,-3,2,1,-1,1,1,-1,0,1,1,-1,3,-1,0,0,2,2
"374",1,3,3,3,3,3,3,3,2,1,1,2,-3,2,1,1,1,1,-3,-3,-3,1,3,2,-3,2,3,1,1,1,3,3,3,1,1,1,3,3,3,3
"375",-3,2,0,0,2,2,-3,-3,0,1,3,3,2,0,1,-2,2,3,0,1,2,-1,2,3,3,2,2,2,1,2,-3,-1,1,1,3,-2,3,0,1,1
"376",3,3,3,3,1,3,3,3,3,-1,2,3,3,3,2,1,1,0,2,2,3,3,3,2,3,3,3,3,2,3,3,3,3,3,3,3,3,3,3,3
"377",1,2,1,3,0,1,1,2,3,-2,1,0,0,1,-1,1,-1,-2,-2,-2,-2,0,2,3,0,2,1,0,3,1,3,0,0,0,2,1,2,3,3,2
"378",-3,-3,-3,-3,-3,-3,-3,-3,-3,-3,-3,-3,-3,-3,-3,-3,-3,-3,-3,-3,-3,-3,-3,-3,-3,-3,-3,-3,-3,-3,-3,-3,-3,-3,-3,-3,-3,-3,-3,-3
"379",2,3,2,3,3,2,1,3,3,-3,-1,2,-1,-2,-3,2,-2,-2,-1,1,0,3,3,2,2,3,3,2,3,3,-1,3,2,2,0,3,2,3,3,3
"380",2,2,3,3,3,3,0,2,3,2,2,0,0,0,0,2,0,-3,-2,0,0,3,2,3,2,3,2,2,3,3,1,3,3,3,3,3,3,3,3,3
"381",1,3,2,3,-1,3,3,3,3,-1,1,2,2,0,0,0,2,-2,-3,0,-2,1,3,3,2,2,2,-1,1,3,3,3,1,3,3,2,3,3,3,3
"382",1,2,2,2,2,3,2,3,3,-1,-3,2,-3,1,-3,-3,-2,-1,-3,-3,-2,2,3,-3,0,1,-3,-1,2,3,2,-1,3,-2,-1,3,3,3,2,3
"383",2,3,2,3,3,2,0,3,3,-2,0,-2,2,-2,-3,1,-1,-2,-3,-3,-3,3,3,2,3,2,2,0,2,3,0,1,3,0,3,3,0,3,3,3
"384",-3,-3,-3,-3,-3,-3,-3,-1,-3,-3,-3,-3,-3,-3,-3,-3,-3,-3,-3,-3,-3,-3,-3,-3,-3,-3,-3,-3,-3,-3,-3,-3,-3,-3,-3,-3,-3,-3,-3,-3
"385",-3,-3,-3,-3,-3,-3,-3,-3,-1,-3,-3,-3,-3,-3,-3,-3,-3,-3,-3,-3,-3,-3,-3,-3,-3,-3,-3,-3,-3,-3,-2,-3,-3,-3,-3,-3,-3,-1,-3,-3
"386",-3,-3,-3,-3,-3,-3,-3,-3,-3,-3,-3,-3,-3,-3,-3,-3,-3,-3,-3,-3,-3,-3,-3,-3,-3,-3,-3,-3,-3,-3,-3,-3,-3,-3,-3,-3,-3,-3,-3,-3
"387",1,0,-1,-2,0,1,2,1,0,-2,-1,-2,-2,0,-2,-3,-2,-3,-3,-2,-2,-2,1,-2,-2,0,1,-2,-1,0,-1,0,1,0,-1,-2,1,3,-2,2
"388",-3,-3,-2,-3,-3,-1,-1,-3,-1,0,-3,-3,-3,-3,-3,-3,-3,-3,-3,-3,-3,-3,-3,-3,-3,-3,-3,-3,-3,-3,-3,-3,-3,-3,-3,-3,-3,-3,-3,-3
"389",-3,-2,-3,2,-3,-3,-1,3,1,-3,-2,0,-3,-2,-3,-3,-2,-3,-2,-3,-2,-2,3,-2,-3,-2,-2,-2,-3,-2,0,-2,0,0,2,0,3,3,2,3
"390",0,2,0,2,0,0,1,1,1,-1,0,1,0,-1,0,1,-2,0,-1,-1,0,0,2,1,1,3,-1,3,2,1,3,3,2,3,3,2,3,3,3,3
"391",-1,2,1,3,0,1,1,2,1,-2,0,-1,-3,-1,-1,0,0,-2,0,0,-1,1,2,-1,0,1,0,1,2,2,1,1,1,2,1,2,2,3,3,3
"392",2,0,1,-1,-1,1,0,3,2,3,-3,-3,0,1,-3,-3,-3,-3,-3,-3,-2,-3,-3,-3,-2,-3,-3,-3,-3,-3,-2,-3,0,-3,-3,-3,-3,-2,-1,-3
"393",2,2,1,1,1,2,2,2,2,1,2,2,3,1,1,2,2,2,2,1,2,2,3,2,3,1,1,1,2,1,2,2,2,2,1,2,2,1,2,2
"394",3,3,3,3,3,3,3,3,3,3,3,3,3,3,3,3,3,3,3,3,3,3,3,3,3,3,3,3,3,3,3,3,3,3,3,3,3,3,3,3
"395",3,3,3,3,2,2,3,3,3,2,3,3,3,2,2,3,3,3,3,3,3,3,3,3,3,3,3,3,3,3,3,3,3,3,3,3,3,3,3,3
"396",-2,-3,-3,-3,-3,-3,-3,-1,-3,-3,-2,-3,-3,-3,-3,-3,-3,-3,-3,-3,-3,-2,-2,-3,-3,-3,-2,-3,-3,-3,-3,-3,-3,-3,-3,-3,-3,-2,-3,-3
"397",NA,NA,NA,NA,NA,NA,NA,NA,NA,NA,NA,NA,NA,NA,NA,NA,NA,NA,NA,NA,NA,NA,NA,NA,NA,NA,NA,NA,NA,NA,NA,NA,NA,NA,NA,NA,NA,NA,NA,NA
"398",NA,NA,NA,NA,NA,NA,NA,NA,NA,NA,NA,NA,NA,NA,NA,NA,NA,NA,NA,NA,NA,NA,NA,NA,NA,NA,NA,NA,NA,NA,NA,NA,NA,NA,NA,NA,NA,NA,NA,NA
"399",NA,NA,NA,NA,NA,NA,NA,NA,NA,NA,NA,NA,NA,NA,NA,NA,NA,NA,NA,NA,NA,NA,NA,NA,NA,NA,NA,NA,NA,NA,NA,NA,NA,NA,NA,NA,NA,NA,NA,NA
"400",1,1,2,2,2,3,1,2,0,2,3,0,2,2,2,0,-2,0,-2,2,0,1,1,1,1,2,1,1,2,-1,0,3,2,0,2,2,2,0,2,2
"401",-1,-3,0,-2,1,-3,1,1,1,-1,0,-3,-3,-3,-3,-3,-3,-3,-3,-3,-3,-3,0,-3,-3,-3,-3,-3,-3,-3,-3,-3,-3,-3,-3,-3,-3,1,-2,0
"402",3,3,3,3,2,3,3,3,3,-3,3,3,-1,3,3,3,-3,-3,-3,-3,-3,-3,3,3,3,3,3,3,-2,3,3,3,3,3,3,3,3,3,3,3
"403",3,-1,3,3,1,3,3,3,3,-3,-3,-2,-2,-2,-3,-3,-3,-3,-3,-3,-3,3,3,3,3,-3,3,-3,-1,3,0,-3,3,-2,-2,-3,3,3,3,3
"404",-1,0,-1,-1,2,-1,1,2,2,-3,-1,-1,-1,-1,-1,-1,-1,-1,-1,-1,-1,-1,2,-1,-1,-1,1,-1,-1,-3,-1,-1,-1,-1,-1,2,0,-1,-1,2
"405",-3,3,0,3,-1,3,1,3,3,-3,-2,2,-3,-2,-1,-3,-3,-2,-3,1,-3,-1,3,0,1,3,2,3,1,0,3,3,3,2,0,3,3,3,2,3
"406",NA,NA,NA,NA,NA,NA,NA,NA,NA,NA,NA,NA,NA,NA,NA,NA,NA,NA,NA,NA,NA,NA,NA,NA,NA,NA,NA,NA,NA,NA,NA,NA,NA,NA,NA,NA,NA,NA,NA,NA
"407",-1,-1,-1,2,0,-2,1,2,2,-2,-2,-2,-2,-2,-2,-2,-3,-3,-3,-3,-3,-2,2,-2,-2,-2,-1,-2,-1,-1,0,-2,0,-2,-1,0,-1,2,1,0
"408",-3,-3,-3,-3,-3,-3,-3,-3,-3,-3,-3,-3,-3,-3,-3,-3,-3,-3,-3,-3,-3,-3,-3,-3,-3,-3,-3,-3,-3,-3,-3,-3,-3,-3,-3,-3,-3,-3,-3,-3
"409",2,-3,-3,-3,-3,-3,0,1,-3,-3,-3,-3,-3,-3,-3,-3,-3,-3,-3,-3,-3,-3,-2,-2,-3,-3,-3,-3,-3,-3,-3,-3,-3,-3,-3,-3,-3,-3,-3,-3
"410",3,3,3,3,3,3,3,3,3,3,3,3,3,3,3,3,3,3,3,3,3,3,3,3,3,3,3,3,3,3,3,3,3,3,3,3,3,3,3,3
"411",-1,-3,-1,3,-1,-2,-1,3,3,-3,-3,-3,-1,-3,-2,-3,-3,-3,-3,-3,-3,-3,-1,-1,-2,-3,3,-2,1,-1,-1,-2,-2,-1,1,1,3,3,-1,3
"412",NA,NA,NA,NA,NA,NA,NA,NA,NA,NA,NA,NA,NA,NA,NA,NA,NA,NA,NA,NA,NA,NA,NA,NA,NA,NA,NA,NA,NA,NA,NA,NA,NA,NA,NA,NA,NA,NA,NA,NA
"413",NA,NA,NA,NA,NA,NA,NA,NA,NA,NA,NA,NA,NA,NA,NA,NA,NA,NA,NA,NA,NA,NA,NA,NA,NA,NA,NA,NA,NA,NA,NA,NA,NA,NA,NA,NA,NA,NA,NA,NA
"414",-2,-3,-2,-2,-3,-3,-2,-1,-2,-3,-3,-3,-3,-3,-3,-3,-3,-3,-3,-3,-3,-3,-2,-3,-2,-3,-3,-3,-3,-3,-3,-3,-3,-3,-3,-3,-3,-2,-3,-1
"415",-1,2,0,2,1,0,1,1,1,0,0,0,0,0,0,0,1,1,1,1,1,0,1,0,1,1,1,1,1,1,-1,2,1,1,1,1,2,2,1,2
"416",2,2,3,3,1,1,2,2,3,-3,1,1,3,2,-2,2,1,1,0,0,0,1,3,1,3,2,-2,0,2,1,1,1,0,3,2,2,2,3,3,3
"417",NA,NA,NA,NA,NA,NA,NA,NA,NA,NA,NA,NA,NA,NA,NA,NA,NA,NA,NA,NA,NA,NA,NA,NA,NA,NA,NA,NA,NA,NA,NA,NA,NA,NA,NA,NA,NA,NA,NA,NA
"418",2,-2,-2,-1,2,-1,0,1,-1,1,1,0,-2,-1,-1,0,0,-1,-2,1,-1,1,0,1,-2,0,-2,-1,-2,-2,0,0,0,0,1,-2,-2,-1,-1,1
"419",0,2,3,3,3,3,2,3,3,3,1,-1,1,2,1,-1,-1,1,0,0,-2,2,-1,1,2,-1,0,-1,1,1,-2,1,2,0,2,0,1,-2,1,-1
"420",NA,NA,NA,NA,NA,NA,NA,NA,NA,NA,NA,NA,NA,NA,NA,NA,NA,NA,NA,NA,NA,NA,NA,NA,NA,NA,NA,NA,NA,NA,NA,NA,NA,NA,NA,NA,NA,NA,NA,NA
"421",NA,NA,NA,NA,NA,NA,NA,NA,NA,NA,NA,NA,NA,NA,NA,NA,NA,NA,NA,NA,NA,NA,NA,NA,NA,NA,NA,NA,NA,NA,NA,NA,NA,NA,NA,NA,NA,NA,NA,NA
"422",-3,-3,-3,-3,-3,-3,-3,-3,-3,-3,-3,-3,-3,-3,-3,-3,-3,-3,-3,-3,-3,-3,-3,-3,-3,-3,-3,-3,-3,-3,-3,-3,-3,-3,-3,-3,-3,-3,-3,-3
"423",1,1,1,1,1,1,1,1,1,1,1,1,1,1,1,1,1,1,1,1,1,1,1,1,1,1,1,1,1,1,1,1,1,1,1,1,1,1,1,1
"424",2,3,2,2,3,2,3,3,3,-1,1,2,1,0,2,1,1,0,0,-1,0,2,3,1,3,2,1,2,2,2,2,3,2,3,3,3,3,3,3,3
"425",NA,NA,NA,NA,NA,NA,NA,NA,NA,NA,NA,NA,NA,NA,NA,NA,NA,NA,NA,NA,NA,NA,NA,NA,NA,NA,NA,NA,NA,NA,NA,NA,NA,NA,NA,NA,NA,NA,NA,NA
"426",1,0,-3,0,1,2,2,2,2,2,-3,-3,0,-3,-2,-3,-3,-3,-3,-3,-3,-3,2,-3,-3,-2,-3,-3,-3,-3,-3,-3,-1,-3,-3,-3,-3,-3,-2,-3
"427",-3,-2,-3,2,-2,-3,-3,-3,-1,-3,-3,-3,-3,-3,-3,-3,-3,-3,-3,-3,-3,-3,-3,-3,-3,-3,-3,-3,2,-3,-3,-3,-3,-3,-3,-3,-3,3,-1,-3
"428",2,2,2,3,0,2,2,2,3,-3,-1,-2,1,-3,-3,-3,-3,-3,-3,-3,-3,2,1,0,1,-1,2,-3,-3,-2,-1,-3,2,-3,2,-1,3,3,-1,3
"429",1,1,0,0,2,-2,-1,2,-1,-3,0,-2,-3,-2,-3,-3,-3,-3,-3,-3,-3,-1,-1,-2,-3,-2,2,-3,-2,-2,0,-3,1,-1,1,-1,2,3,0,2
"430",-1,-3,-1,3,0,-3,-2,3,0,-3,-2,-3,-3,-3,-3,-3,-3,-3,-3,-3,-3,0,0,-3,-3,-3,-3,-3,-2,1,-2,-3,1,-3,-1,-2,3,3,-3,1
"431",1,1,2,3,2,0,0,1,2,0,2,1,2,-1,2,1,0,1,3,2,1,3,2,2,0,0,1,0,2,1,3,2,0,2,1,1,-1,2,-1,0
"432",3,2,2,3,3,3,3,3,3,-2,3,-3,3,-1,-1,-2,-3,-2,-3,-2,-2,3,3,3,3,0,3,0,-1,3,1,1,1,1,3,3,1,3,3,3
"433",-1,-3,-2,-2,-3,-2,-2,-1,-1,-2,-3,-3,-3,-3,-3,-3,-3,-3,-3,-3,-3,-3,-3,-3,-3,-3,-3,-3,-3,-3,-3,-3,-3,-3,-3,-3,-3,-3,-3,-3
"434",2,2,3,3,1,2,3,2,3,1,1,2,2,-2,2,3,3,1,3,2,2,3,2,1,3,3,3,3,3,3,3,3,3,3,3,3,3,3,3,3
"435",3,3,3,3,3,3,3,3,3,-1,1,3,2,3,1,3,3,3,1,3,3,3,3,3,3,3,3,3,2,3,3,3,3,3,2,3,3,3,3,3
"436",1,1,1,3,-1,0,3,2,3,-3,1,3,-1,0,-1,2,1,-1,0,0,-1,1,3,2,1,3,2,3,3,1,1,2,3,2,3,3,2,3,2,3
"437",3,-3,3,1,1,1,-3,2,2,2,1,-3,-2,-2,-3,-2,-3,0,-3,-3,-3,2,2,1,-2,-2,0,-3,-2,-1,-2,-1,0,0,-1,-2,1,3,0,0
"438",-3,2,-1,3,3,2,2,3,2,-2,-1,-2,-3,0,-2,-1,-2,-2,-3,-3,-3,1,0,0,-2,1,3,-1,-1,-2,-2,-2,1,-1,0,-1,0,3,2,3
"439",2,1,1,2,1,2,1,2,2,-2,1,-2,1,-3,0,-2,-1,-1,-2,-2,-1,1,3,2,0,1,0,1,3,1,-1,1,-1,1,0,1,2,3,1,3
"440",3,2,0,-3,1,2,1,3,2,3,-2,-3,1,-1,-1,-1,-3,-3,-3,-3,-3,-2,3,-3,-1,-2,-3,-3,-3,-3,-3,-3,-3,-3,-3,-2,-3,-3,-3,-3
"441",-3,2,-1,1,-1,0,-2,2,3,-3,-2,-3,-3,-3,-3,-2,-2,-3,-2,-3,-3,-2,1,-2,-1,-1,1,2,2,1,2,1,2,2,0,2,3,3,3,3
"442",-1,3,-1,3,3,3,3,3,3,3,-3,-3,1,-2,1,-3,-3,-1,-3,-3,-3,-3,1,-3,-3,-1,-3,-3,-3,-3,-3,-3,-3,-3,-3,-3,-3,-3,-3,-3
"443",2,3,2,3,1,2,2,0,3,2,2,3,1,2,1,3,2,1,2,2,2,3,2,1,3,3,2,3,3,3,2,2,2,3,2,3,3,3,3,3
"444",1,3,0,3,1,2,2,2,3,-1,2,1,0,0,0,-1,2,1,2,3,1,2,3,1,2,1,3,2,2,2,2,3,2,3,0,3,3,3,2,3
"445",-3,-1,-2,-2,0,-1,-2,-1,-1,-1,-3,-3,-3,-3,-3,-3,-3,-3,-3,-3,-3,-3,-3,-3,-3,-3,-3,-3,-3,-3,-3,-3,-3,-3,-3,-3,-3,-3,-3,-3
"446",-3,3,-1,3,2,2,0,2,3,-3,-2,3,-2,-2,-2,-1,-3,-3,-2,-2,-3,1,3,0,0,0,-1,3,2,3,3,0,3,2,2,2,3,3,3,3
"447",2,2,2,2,2,2,2,2,2,2,2,2,0,2,2,2,2,2,2,2,2,2,2,2,2,2,2,2,2,2,2,2,2,2,2,2,2,2,2,2
"448",-3,-3,-3,-3,-3,-3,-3,-1,-3,-3,-3,-3,-3,-3,-3,-3,-3,-3,-3,-3,-3,-3,-3,-3,-3,-3,-3,-3,-3,-3,-3,-3,-3,-3,-3,-3,-3,-3,-2,-3
"449",-3,3,-3,3,1,-3,2,2,3,-3,-1,-3,-1,-3,-2,-3,-1,-3,-3,-3,-3,3,-3,-3,-3,-3,-3,-3,-3,-3,-3,-3,-3,-3,-3,-3,-3,-3,-3,-3
"450",-3,3,-3,-3,-3,-3,3,3,3,-3,-3,-3,-3,-3,-3,-3,-3,-3,-3,-3,-3,-3,-3,-3,3,3,3,3,-3,0,-3,3,3,3,3,-3,3,3,3,3
"451",2,2,0,0,2,2,2,2,2,2,3,2,2,2,0,2,3,2,3,3,2,2,2,0,3,3,3,2,1,2,2,2,3,2,2,3,2,3,2,3
"452",0,3,0,2,0,-1,3,3,3,3,-3,-3,-3,-3,-2,-3,-3,-3,-3,-3,-3,-3,-3,-3,-3,2,-2,-3,-3,-3,-3,-3,-3,-3,-3,-3,-3,-3,-3,-3
"453",1,0,0,3,2,3,3,3,0,-3,2,-2,2,-2,2,0,-3,-3,-3,-3,-3,-3,1,1,2,2,3,3,2,0,1,-2,-3,-3,-3,1,2,3,3,3
"454",-3,-3,-3,-3,-3,-3,-3,-3,-3,-3,-3,-3,-3,-3,-3,-3,-3,-3,-3,-3,-3,-3,-3,-3,-3,-3,-3,-3,-3,-3,-3,-3,-3,-3,-3,-3,-3,-3,-3,-3
"455",0,0,0,0,0,-1,0,0,-1,0,1,1,0,-1,-1,0,-1,0,1,1,-2,-1,1,1,0,0,1,-1,1,0,0,1,0,-1,0,-1,0,-1,0,0
"456",1,1,0,2,1,1,3,2,3,-3,1,1,0,0,0,0,1,0,-1,0,-1,1,0,0,1,2,1,1,1,1,1,3,0,1,1,3,2,3,2,3
"457",1,0,1,3,2,1,0,3,3,-3,0,-1,-2,-1,-2,-3,-2,-3,-3,-3,-3,1,3,1,-1,-1,3,-1,-1,1,2,-1,2,0,1,2,3,3,3,3
"458",-2,3,0,3,-1,3,3,3,3,-3,2,3,-3,-1,3,-2,2,1,2,3,-3,0,3,1,0,3,3,3,3,2,3,3,3,3,3,3,3,3,3,3
"459",0,1,0,3,1,1,2,2,2,0,-3,-2,0,-2,-2,-2,-2,-2,-3,-2,-2,0,2,-1,-2,0,-2,-1,1,-2,-2,-1,-2,-1,-1,2,2,2,1,2
"460",-3,-2,-3,-3,-3,-1,-3,-1,2,-3,-2,-3,-3,-3,-3,-3,-3,-3,-3,-3,-3,-3,-1,-3,-2,-3,-3,-3,-3,-3,-3,-3,-3,-3,-3,-2,-3,0,-3,-3
"461",2,1,2,3,3,3,3,3,3,-3,2,1,1,0,-3,0,-3,-3,-3,-3,-3,2,3,2,1,3,2,1,1,2,3,1,3,1,3,2,3,3,3,3
"462",-3,-1,1,3,3,0,-3,1,1,-2,-3,-3,-1,-3,-3,-2,-3,-2,-3,-3,-3,0,1,-2,-3,-2,-1,-3,-2,-2,-3,-2,-3,-2,-2,1,2,3,0,1
"463",3,1,2,3,2,1,-2,3,2,-3,-3,-2,-3,-3,-3,-2,-2,-3,-3,-3,-3,0,2,3,3,-2,-2,-3,-2,-1,-3,-3,3,-2,3,3,3,3,-1,3
"464",NA,NA,NA,NA,NA,NA,NA,NA,NA,NA,NA,NA,NA,NA,NA,NA,NA,NA,NA,NA,NA,NA,NA,NA,NA,NA,NA,NA,NA,NA,NA,NA,NA,NA,NA,NA,NA,NA,NA,NA
"465",NA,NA,NA,NA,NA,NA,NA,NA,NA,NA,NA,NA,NA,NA,NA,NA,NA,NA,NA,NA,NA,NA,NA,NA,NA,NA,NA,NA,NA,NA,NA,NA,NA,NA,NA,NA,NA,NA,NA,NA
"466",NA,NA,NA,NA,NA,NA,NA,NA,NA,NA,NA,NA,NA,NA,NA,NA,NA,NA,NA,NA,NA,NA,NA,NA,NA,NA,NA,NA,NA,NA,NA,NA,NA,NA,NA,NA,NA,NA,NA,NA
"467",2,2,1,2,1,2,1,1,2,2,3,0,1,2,1,1,1,1,1,1,1,1,2,2,2,1,1,1,1,1,2,2,3,2,1,2,1,2,1,1
"468",NA,NA,NA,NA,NA,NA,NA,NA,NA,NA,NA,NA,NA,NA,NA,NA,NA,NA,NA,NA,NA,NA,NA,NA,NA,NA,NA,NA,NA,NA,NA,NA,NA,NA,NA,NA,NA,NA,NA,NA
"469",-3,-3,-3,-3,-3,-3,-3,-3,-3,-3,-3,-3,-3,-3,-3,-3,-3,-3,-3,-3,-3,-3,-3,-3,-3,-3,-3,-3,-3,-3,-3,-3,-3,-3,-3,-3,-3,-3,-3,-3
"470",NA,NA,NA,NA,NA,NA,NA,NA,NA,NA,NA,NA,NA,NA,NA,NA,NA,NA,NA,NA,NA,NA,NA,NA,NA,NA,NA,NA,NA,NA,NA,NA,NA,NA,NA,NA,NA,NA,NA,NA
"471",2,2,2,2,2,2,2,2,2,2,2,2,2,2,2,2,2,2,2,2,2,2,2,2,2,2,2,2,2,2,2,2,2,2,2,2,2,2,2,2
